Var1,Name,Location,Year,Kilometers_Driven,Fuel_Type,Transmission,Owner_Type,Mileage,Engine,Power,Seats,New_Price,Price
2,Honda Jazz V,Chennai,2011,46000,Petrol,Manual,First,13 ,1199 ,88.7 ,5,8.61 ,4.5
7,Toyota Innova Crysta 2.8 GX AT 8S,Mumbai,2016,36000,Diesel,Automatic,First,11.36,2755 ,171.5 ,8,21 ,17.5
10,Maruti Ciaz Zeta,Kochi,2018,25692,Petrol,Manual,First,21.56,1462 ,103.25 ,5,10.65 ,9.95
15,Mitsubishi Pajero Sport 4X4,Delhi,2014,110000,Diesel,Manual,First,13.5,2477 ,175.56 ,7,32.01 ,15
20,BMW 3 Series 320d,Kochi,2014,32982,Diesel,Automatic,First,22.69,1995 ,190 ,5,47.87 ,18.55
28,Honda WRV i-VTEC VX,Kochi,2018,37430,Petrol,Manual,First,17.5,1199 ,88.7 ,5,10.57 ,9.9
34,Volkswagen Vento 1.6 Highline,Coimbatore,2014,55431,Petrol,Manual,Second,16.09,1598 ,103.5 ,5,12.33 ,6.98
36,Maruti Vitara Brezza ZDi Plus,Kochi,2018,50075,Diesel,Manual,First,24.3,1248 ,88.5 ,5,11.12 ,8.63
44,Hyundai Elantra 2.0 SX Option AT,Bangalore,2014,46374,Petrol,Automatic,First,14.62,1999 ,149.92 ,5,23.64 ,8.85
47,Toyota Innova Crysta 2.7 GX MT,Bangalore,2012,70704,Petrol,Manual,First,11.25,2694 ,163.7 ,7,18.64 ,10.95
60,Toyota Innova Crysta 2.4 GX MT 8S,Mumbai,2017,22000,Diesel,Manual,First,13.68,2393 ,147.8 ,8,19.34 ,16.5
67,Mercedes-Benz C-Class Progressive C 220d,Coimbatore,2019,15369,Diesel,Automatic,First,0.0,1950 ,194 ,5,49.14 ,35.67
69,Hyundai Creta 1.4 E Plus Diesel,Mumbai,2018,13000,Diesel,Manual,First,22.1,1396 ,88.7 ,5,11.81 ,10.5
73,Nissan Terrano XV D Pre,Kochi,2015,56066,Diesel,Manual,First,19.64,1461 ,108.5 ,5,16.65 ,6.92
81,Tata Zest Revotron 1.2T XE,Pune,2017,70000,Petrol,Manual,First,17.57,1193 ,88.7 ,5,6.67 ,4.5
102,Datsun GO Plus T Petrol,Pune,2017,32851,Petrol,Manual,First,19.83,1198 ,67 ,7,6.45 ,3.95
106,Toyota Etios Liva 1.2 G,Ahmedabad,2014,53000,Petrol,Manual,First,17.71,1197 ,78.9 ,5,6.41 ,3.9
110,Toyota Innova Crysta 2.8 ZX AT,Mumbai,2017,30000,Diesel,Automatic,First,11.36,2755 ,171.5 ,7,27 ,19.25
111,Maruti Eeco 5 Seater AC,Coimbatore,2017,38053,Petrol,Manual,First,15.1,1196 ,73 ,5,5.13 ,3.91
113,BMW 3 Series 320d Luxury Line,Mumbai,2015,56087,Diesel,Automatic,First,22.69,1995 ,190 ,5,54.43 ,20.75
117,Nissan Micra XV CVT,Coimbatore,2016,39882,Petrol,Automatic,First,19.15,1198 ,75.94 ,5,9.51 ,6.55
119,Maruti Vitara Brezza VDi,Mumbai,2016,55000,Diesel,Manual,First,24.3,1248 ,88.5 ,5,9.96 ,7.5
122,Hyundai Verna CRDi 1.6 SX Option,Kolkata,2018,10250,Diesel,Manual,First,22.0,1582 ,126.2 ,5,14.44 ,10.95
133,Maruti Alto K10 VXI,Hyderabad,2014,88500,Petrol,Manual,First,24.07,998 ,67.1 ,5,4.53 ,2.6
134,Mercedes-Benz SLC 43 AMG,Kolkata,2017,13372,Petrol,Automatic,First,19.0,2996 ,362.07 ,2,95.04 ,54
135,Hyundai Verna VTVT 1.6 AT SX Plus,Kochi,2019,12645,Petrol,Automatic,First,17.0,1591 ,121.3 ,5,13.49 ,11.5
148,Audi RS5 Coupe,Mumbai,2013,23000,Petrol,Automatic,First,11.05,2894 ,444 ,4,1.2,37
149,BMW 3 Series Luxury Line,Mumbai,2014,48000,Diesel,Automatic,First,21.76,1995 ,190 ,5,60.88 ,26.5
173,Hyundai Grand i10 1.2 Kappa Asta,Kolkata,2019,1000,Petrol,Manual,First,18.9,1197 ,81.86 ,5,7.39 ,6.5
182,BMW 5 Series 520d Luxury Line,Hyderabad,2014,51000,Diesel,Automatic,First,22.48,1995 ,190 ,5,69.47 ,33.5
187,Maruti Baleno Alpha,Kochi,2017,24773,Petrol,Manual,First,21.4,1197 ,83.1 ,5,8.78 ,7.5
193,Maruti Ertiga ZDI,Mumbai,2016,33000,Diesel,Manual,First,25.47,1248 ,88.50 ,7,12.74 ,8.5
200,Mahindra NuvoSport N6,Chennai,2017,29000,Diesel,Manual,Second,17.45,1493 ,100 ,7,10.52 ,6.5
201,Maruti Vitara Brezza ZDi Plus Dual Tone,Mumbai,2016,20000,Diesel,Manual,First,24.3,1248 ,88.5 ,5,11.98 ,9
210,Honda Amaze S Diesel,Kolkata,2013,45000,Diesel,Manual,First,27.4,1498 ,98.6 ,5,8.54 ,3.25
219,Skoda Superb Style 1.8 TSI AT,Hyderabad,2017,26000,Petrol,Automatic,First,14.67,1798 ,177.46 ,5,33.58 ,26
223,Mahindra Verito 1.5 D4 BSIV,Hyderabad,2013,107000,Diesel,Manual,First,21.03,1461 ,65 ,5,9.12 ,3.7
225,Maruti Wagon R VXI,Kolkata,2013,32000,Petrol,Manual,First,22.5,998 ,67.04 ,5,5.29 ,2.65
228,Mini Cooper Convertible S,Kochi,2017,26327,Petrol,Automatic,First,16.82,1998 ,189.08 ,4,44.28 ,35.67
235,Toyota Innova Crysta 2.8 GX AT,Kochi,2019,14165,Diesel,Automatic,First,11.36,2755 ,171.5 ,7,20.74 ,19.64
237,Honda City i-VTEC V,Kolkata,2011,32572,Petrol,Manual,First,17.4,1497 ,117.3 ,5,11.74 ,3.87
256,Toyota Innova Crysta 2.4 ZX MT,Pune,2017,43000,Diesel,Manual,First,13.68,2393 ,147.8 ,7,25.52 ,18.65
261,Hyundai Verna CRDi 1.6 SX,Hyderabad,2008,143275,Diesel,Manual,First,22.0,1582 ,126.2 ,5,14.07 ,2.6
264,Mercedes-Benz GLE 350d,Coimbatore,2017,29819,Diesel,Automatic,First,11.57,2987 ,254.79 ,5,95.13 ,61.29
277,Tata Zest Quadrajet 1.3 75PS XE,Pune,2017,121900,Diesel,Manual,First,22.95,1248 ,74 ,5,8.34 ,3.75
290,Tata Zest Quadrajet 1.3 75PS XE,Pune,2018,45000,Diesel,Manual,First,22.95,1248 ,74 ,5,8.34 ,5.25
293,Honda Jazz VX,Delhi,2015,62178,Petrol,Manual,First,18.2,1199 ,88.7 ,5,8.85 ,4.85
298,Toyota Innova Crysta 2.4 ZX MT,Chennai,2016,48000,Diesel,Manual,First,13.68,2393 ,147.8 ,7,25.4 ,20.25
303,Honda City i-VTEC CVT ZX,Mumbai,2017,15000,Petrol,Automatic,First,18.0,1497 ,117.3 ,5,16.67 ,12.69
310,Mercedes-Benz GLE 250d,Hyderabad,2017,29000,Diesel,Automatic,First,17.9,2143 ,201.15 ,5,79.43 ,57
314,Honda Brio 1.2 VX MT,Kochi,2012,91931,Petrol,Manual,First,18.5,1198 ,86.8 ,5,6.62 ,3.13
327,Audi Q7 45 TDI Quattro Technology,Coimbatore,2017,97430,Diesel,Automatic,First,14.75,2967 ,245 ,7,1.0,62.67
343,Maruti Vitara Brezza LDi,Chennai,2016,45000,Diesel,Manual,First,24.3,1248 ,88.5 ,5,9.12 ,7.15
348,BMW 3 Series Luxury Line,Kochi,2015,30717,Diesel,Automatic,Second,21.76,1995 ,190 ,5,58.67 ,25.99
351,Skoda Octavia RS,Jaipur,2005,100000,Petrol,Automatic,First,14.45,1984 ,227 ,5,28.37 ,2.05
352,Maruti Alto K10 VXI,Pune,2017,30000,Petrol,Manual,First,24.07,998 ,67.1 ,5,4.48 ,3.75
355,Jaguar XF 2.0 Diesel Portfolio,Hyderabad,2017,21000,Diesel,Automatic,First,19.33,1999 ,177 ,5,72.64 ,52
357,Skoda Superb L&K 1.8 TSI AT,Kochi,2019,13747,Petrol,Automatic,First,14.67,1798 ,177.46 ,5,36.15 ,27.3
365,Mini Clubman Cooper S,Pune,2017,8350,Petrol,Manual,First,13.8,1998 ,192 ,5,44.59 ,35
372,Maruti Vitara Brezza ZDi Plus,Hyderabad,2017,39000,Diesel,Manual,First,24.3,1248 ,88.5 ,5,12 ,9.49
380,Honda BRV i-VTEC V CVT,Kochi,2017,35676,Petrol,Automatic,First,16.0,1497 ,117.3 ,7,14.65 ,9.48
389,Jaguar XE Portfolio,Mumbai,2017,9000,Petrol,Automatic,First,13.5,1999 ,246.74 ,5,53.72 ,34.5
401,Mitsubishi Pajero Sport 4X2 AT DualTone BlackTop,Hyderabad,2018,12000,Diesel,Automatic,First,13.5,2477 ,175.56 ,7,33.91 ,28
413,BMW 3 Series Luxury Line,Mumbai,2015,41000,Diesel,Automatic,First,21.76,1995 ,190 ,5,60.88 ,25.5
414,Honda BR-V i-VTEC S MT,Pune,2017,9000,Petrol,Manual,First,15.4,1497 ,117.3 ,7,12.51 ,8.5
417,Hyundai i20 Active SX Petrol,Jaipur,2017,40250,Petrol,Manual,First,17.19,1197 ,81.86 ,5,9.74 ,6.9
418,Mercedes-Benz GLC 43 AMG Coupe,Coimbatore,2018,22397,Petrol,Automatic,First,11.5,2996 ,367 ,5,95.38 ,70.99
423,Audi A6 35 TFSI Matrix,Mumbai,2016,47000,Petrol,Automatic,First,15.26,1798 ,187.74 ,5,60.59 ,24.5
427,Mini Cooper Convertible S,Mumbai,2014,11900,Petrol,Automatic,First,16.82,1998 ,189.08 ,4,44.28 ,28.5
442,Mahindra Bolero ZLX,Coimbatore,2016,82756,Diesel,Manual,First,15.96,2523 ,62.1 ,7,11.28 ,7.7
446,Volkswagen Vento 1.6 Comfortline,Mumbai,2017,15000,Petrol,Manual,Second,16.09,1598 ,103.5 ,5,11.48 ,7.1
456,Maruti S-Cross Delta DDiS 200 SH,Delhi,2018,12923,Diesel,Manual,First,25.1,1248 ,88.5 ,5,11.26 ,8.92
457,Audi Q3 35 TDI Quattro Premium Plus,Coimbatore,2016,86642,Diesel,Automatic,First,15.17,1968 ,181 ,5,43.65 ,20.37
458,BMW 3 Series Luxury Line,Bangalore,2016,19235,Diesel,Automatic,First,21.76,1995 ,190 ,5,62.07 ,36.5
473,Mercedes-Benz E-Class E 220 d,Kochi,2018,26405,Petrol,Automatic,First,12.6,1950 ,191.34 ,5,86.97 ,51.43
489,Mercedes-Benz GLS 350d 4MATIC,Pune,2017,129000,Diesel,Automatic,First,11.0,2987 ,258 ,7,,56
518,Maruti Wagon R LXI,Ahmedabad,2012,30000,Petrol,Manual,First,22.5,998 ,67.04 ,5,4.74 ,3.3
519,Hyundai Creta 1.6 SX,Chennai,2016,69434,Petrol,Manual,First,15.8,1591 ,121.3 ,5,14.84 ,8
544,Mercedes-Benz New C-Class Progressive C 200,Kochi,2019,13190,Petrol,Automatic,First,0.0,1950 ,181.43 ,5,49.49 ,38.99
549,BMW X1 sDrive 20d xLine,Coimbatore,2017,31645,Diesel,Automatic,First,20.68,1995 ,190 ,5,48.18 ,29.4
555,Maruti Ertiga ZDI,Pune,2013,105000,Diesel,Manual,Second,25.47,1248 ,88.50 ,7,12.34 ,6.75
558,Skoda Rapid 1.5 TDI Style,Hyderabad,2017,31000,Diesel,Manual,First,21.13,1498 ,108.4 ,5,15.38 ,10.5
562,Toyota Innova Crysta 2.8 GX AT,Ahmedabad,2016,100200,Diesel,Automatic,First,11.36,2755 ,171.5 ,7,19.21 ,17
568,Jeep Compass 2.0 Limited,Jaipur,2018,29000,Diesel,Manual,First,17.1,1956 ,170 ,5,22.95 ,19
573,Mahindra Bolero ZLX,Jaipur,2012,105000,Diesel,Manual,Second,15.96,2523 ,62.1 ,7,11.15 ,6
578,Volkswagen Polo 1.5 TDI Highline,Coimbatore,2018,33558,Diesel,Manual,First,20.14,1498 ,88 ,5,10.32 ,8.12
599,Toyota Innova Crysta 2.8 ZX AT,Coimbatore,2019,40674,Diesel,Automatic,First,11.36,2755 ,171.5 ,7,28.05 ,24.82
603,Mercedes-Benz GLC 220d 4MATIC Style,Mumbai,2018,10003,Diesel,Automatic,First,17.9,2143 ,170 ,5,59.77 ,48.5
604,Volkswagen Vento 1.5 TDI Highline AT,Mumbai,2016,25000,Diesel,Automatic,First,21.5,1498 ,108.5 ,5,15.86 ,9.45
615,Toyota Innova Crysta 2.4 GX MT 8S,Hyderabad,2017,52000,Diesel,Manual,First,13.68,2393 ,147.8 ,8,19.43 ,17.5
618,Maruti Vitara Brezza ZDi,Pune,2016,21558,Diesel,Manual,First,24.3,1248 ,88.5 ,5,10.65 ,8.9
632,Mini Cooper 5 DOOR D,Mumbai,2016,11000,Diesel,Automatic,First,20.7,1496 ,113.98 ,5,42.12 ,29.5
635,Tata Safari Storme VX Varicor 400,Jaipur,2017,37000,Diesel,Manual,First,14.1,2179 ,154 ,7,16.95 ,11.25
636,Honda BR-V i-DTEC VX MT,Kochi,2017,32249,Diesel,Manual,First,21.9,1498 ,98.6 ,7,15.45 ,10.79
639,Maruti Ignis 1.2 Alpha,Mumbai,2017,7000,Petrol,Manual,First,20.89,1197 ,81.80 ,5,7.87 ,5.7
654,Maruti Alto K10 VXI,Bangalore,2011,64357,Petrol,Manual,First,24.07,998 ,67.1 ,5,4.7 ,2.75
657,Honda BRV i-VTEC V CVT,Mumbai,2017,18000,Petrol,Automatic,First,16.0,1497 ,117.3 ,7,15.02 ,9.25
668,Maruti Vitara Brezza ZDi Plus Dual Tone,Coimbatore,2017,18108,Diesel,Manual,First,24.3,1248 ,88.5 ,5,12.56 ,11.31
671,Nissan Sunny XV CVT,Kochi,2013,37199,Petrol,Automatic,First,17.5,1498 ,99.6 ,5,11.33 ,5.43
697,Toyota Innova Crysta 2.4 ZX MT,Bangalore,2017,64798,Diesel,Manual,First,13.68,2393 ,147.8 ,7,26.45 ,18.75
714,Maruti Dzire AMT ZXI Plus,Hyderabad,2017,13000,Petrol,Automatic,First,22.0,1197 ,81.80 ,5,10.34 ,8.5
731,Hyundai Grand i10 1.2 CRDi Magna,Kolkata,2017,14000,Diesel,Manual,First,24.0,1186 ,73.97 ,5,7.46 ,4.9
732,Honda City i-VTEC V,Delhi,2014,55818,Petrol,Manual,Second,17.4,1497 ,117.3 ,5,11.85 ,5.7
741,Maruti Ertiga VDI,Ahmedabad,2017,63939,Diesel,Manual,First,25.47,1248 ,88.50 ,7,10.41 ,7.75
742,Maruti Celerio VXI AMT,Delhi,2014,35214,Petrol,Automatic,Second,23.1,998 ,67.04 ,5,5.57 ,3.2
746,Mini Cooper 5 DOOR D,Hyderabad,2014,60000,Diesel,Automatic,Second,20.7,1496 ,113.98 ,5,42.48 ,23.5
750,Honda City i-VTEC CVT VX,Bangalore,2015,18955,Petrol,Automatic,First,18.0,1497 ,117.3 ,5,16.04 ,10.65
756,Honda Jazz VX,Kochi,2018,20024,Petrol,Manual,First,18.2,1199 ,88.7 ,5,9.1 ,8.46
762,Ford Figo Titanium Diesel,Kolkata,2015,72035,Diesel,Manual,First,25.5,1498 ,99 ,5,7.65 ,2.5
784,Hyundai Creta 1.6 SX,Ahmedabad,2016,21000,Petrol,Manual,First,15.8,1591 ,121.3 ,5,13.74 ,10.9
791,Maruti Wagon R VXI,Coimbatore,2015,72599,Petrol,Manual,First,22.5,998 ,67.04 ,5,5.72 ,4.32
796,Mahindra XUV500 W9 AT,Coimbatore,2019,19654,Diesel,Automatic,First,14.0,2179 ,155 ,7,21.33 ,17.63
802,Mercedes-Benz GLE 250d,Mumbai,2016,21000,Diesel,Automatic,First,17.9,2143 ,201.15 ,5,78.76 ,56
809,Honda Amaze VX Diesel,Hyderabad,2018,12000,Diesel,Manual,First,27.4,1498 ,98.6 ,5,10.34 ,8.5
813,Maruti Alto K10 LXI,Pune,2014,49000,Petrol,Manual,First,24.07,998 ,67.1 ,5,4.29 ,2.3
825,Volkswagen Ameo 1.5 TDI Highline,Mumbai,2017,51000,Diesel,Manual,First,21.66,1498 ,108.62 ,5,10.04 ,6.45
838,Mahindra Xylo H4,Chennai,2016,215000,Diesel,Manual,First,14.02,2179 ,118.3 ,7,11.67 ,7.5
850,Toyota Innova Crysta 2.4 ZX MT,Pune,2017,43200,Diesel,Manual,First,13.68,2393 ,147.8 ,7,25.52 ,18.6
869,Hyundai Xcent 1.2 CRDi S,Jaipur,2018,25302,Diesel,Manual,First,25.4,1186 ,73.97 ,5,8.56 ,5.9
875,Toyota Innova Crysta 2.8 ZX AT,Kochi,2018,41736,Diesel,Automatic,First,11.36,2755 ,171.5 ,7,27 ,19.92
878,Renault KWID 1.0 RXT Optional,Jaipur,2017,63262,Petrol,Manual,First,21.7,999 ,67 ,5,4.78 ,3.25
880,Maruti Celerio VXI Optional AMT,Pune,2017,7500,Petrol,Automatic,First,23.1,998 ,67.04 ,5,6.14 ,5
884,Maruti Dzire VXI,Kolkata,2011,46687,Petrol,Manual,First,22.0,1197 ,81.80 ,5,7.3 ,2.7
897,Datsun redi-GO T Option,Bangalore,2016,20487,Petrol,Manual,First,22.7,799 ,53.64 ,5,4.37 ,2.66
912,Maruti Eeco 7 Seater Standard,Coimbatore,2012,56661,Petrol,Manual,First,15.1,1196 ,73 ,7,4.98 ,3.61
919,Honda City i-VTEC CVT VX,Mumbai,2015,30000,Petrol,Automatic,First,18.0,1497 ,117.3 ,5,15.29 ,8.65
940,Jeep Compass 2.0 Limited 4X4,Mumbai,2017,52000,Diesel,Manual,First,16.3,1956 ,170 ,5,24.26 ,20
941,Land Rover Range Rover Evoque 2.0 TD4 HSE Dynamic,Kochi,2018,31427,Diesel,Automatic,First,15.68,1999 ,177 ,5,75.12 ,59.72
942,Maruti Baleno Alpha Diesel,Kolkata,2016,29000,Diesel,Manual,First,27.39,1248 ,74 ,5,9.53 ,6.5
946,Mitsubishi Pajero Sport 4X4,Bangalore,2013,132000,Diesel,Manual,First,13.5,2477 ,175.56 ,7,34.6 ,12.49
952,Toyota Innova Crysta 2.4 ZX MT,Coimbatore,2018,92056,Diesel,Manual,First,13.68,2393 ,147.8 ,7,26.45 ,18.39
954,Honda Jazz VX Diesel,Mumbai,2016,38000,Diesel,Manual,First,27.3,1498 ,98.6 ,5,11.15 ,6.21
962,Mercedes-Benz C-Class Progressive C 220d,Mumbai,2018,8682,Diesel,Automatic,First,0.0,1950 ,194 ,5,52.26 ,39.5
984,BMW 5 Series 520d Luxury Line,Mumbai,2012,61240,Diesel,Automatic,First,22.48,1995 ,190 ,5,70.43 ,17.5
1001,Renault KWID RXT Optional,Hyderabad,2018,1900,Petrol,Manual,First,25.17,799 ,53.3 ,5,4.8 ,4.45
1010,Ford Ecosport Signature Edition Diesel,Coimbatore,2019,23154,Diesel,Manual,First,23.0,1498 ,98.96 ,5,12.12 ,11.65
1012,Toyota Innova Crysta 2.4 GX MT,Chennai,2017,67489,Diesel,Manual,First,13.68,2393 ,147.8 ,7,19.37 ,16.5
1017,Volkswagen Vento 1.5 TDI Comfortline,Coimbatore,2014,56658,Diesel,Manual,First,20.64,1498 ,108.5 ,5,12.14 ,5.39
1030,Toyota Fortuner 2.8 4WD MT,Kochi,2013,105072,Diesel,Manual,First,14.24,2755 ,174.5 ,7,36.69 ,13.28
1039,Jeep Compass 1.4 Limited Option,Mumbai,2017,4000,Petrol,Automatic,First,16.0,1368 ,160 ,5,23.68 ,17.75
1044,Audi A4 35 TDI Technology,Hyderabad,2015,45000,Diesel,Automatic,First,18.25,1968 ,187.74 ,5,55.61 ,25
1050,Ford EcoSport 1.5 Petrol Titanium Plus AT,Coimbatore,2018,18385,Petrol,Automatic,First,14.8,1497 ,121.36 ,5,14.1 ,12.41
1056,Maruti S-Cross Zeta DDiS 200 SH,Coimbatore,2016,74611,Diesel,Manual,First,25.1,1248 ,88.5 ,5,13.26 ,7.94
1065,Toyota Innova Crysta 2.8 ZX AT,Bangalore,2016,108000,Diesel,Automatic,First,11.36,2755 ,171.5 ,7,28.05 ,20.5
1072,Maruti Ertiga VDI,Pune,2016,130000,Diesel,Manual,First,25.47,1248 ,88.50 ,7,11.27 ,7
1077,Maruti Vitara Brezza ZDi Plus,Kochi,2019,34688,Diesel,Manual,First,24.3,1248 ,88.5 ,5,11.2 ,10.49
1080,Tata Zest Revotron 1.2 XT,Mumbai,2014,40000,Petrol,Manual,First,17.57,1193 ,88.7 ,5,8.56 ,3.95
1094,Maruti Vitara Brezza VDi,Kolkata,2017,35000,Diesel,Manual,First,24.3,1248 ,88.5 ,5,9.46 ,6.5
1096,Mahindra XUV300 W8 Diesel,Chennai,2012,97000,Diesel,Manual,First,20.0,1497 ,115 ,5,12.79 ,7.25
1097,Hyundai Verna CRDi 1.6 SX Option,Kochi,2014,89614,Diesel,Manual,First,22.0,1582 ,126.2 ,5,15.57 ,6.01
1103,Tata Hexa XT,Delhi,2017,55000,Diesel,Manual,First,17.6,2179 ,153.86 ,7,19.86 ,12
1110,Tata Tiago 1.2 Revotron XZ,Coimbatore,2018,9565,Petrol,Manual,First,23.84,1199 ,84 ,5,6.59 ,5.88
1113,Mercedes-Benz E-Class E 220 d,Kochi,2018,20446,Petrol,Automatic,First,12.6,1950 ,191.34 ,5,86.97 ,51.35
1117,Mini Cooper 5 DOOR D,Ahmedabad,2014,34000,Diesel,Automatic,First,20.7,1496 ,113.98 ,5,42.12 ,22
1139,Hyundai Grand i10 1.2 Kappa Magna,Delhi,2017,8471,Petrol,Manual,First,18.9,1197 ,81.86 ,5,6.54 ,5
1140,Toyota Innova Crysta 2.8 ZX AT,Hyderabad,2016,69000,Diesel,Automatic,First,11.36,2755 ,171.5 ,7,26.56 ,19.75
1141,Renault Duster 110PS Diesel RxZ AMT,Coimbatore,2017,30090,Diesel,Automatic,First,19.6,1461 ,108.45 ,5,15.05 ,11.44
1146,Mahindra Bolero ZLX,Mumbai,2016,40448,Diesel,Manual,First,15.96,2523 ,62.1 ,7,11.01 ,3.5
1147,Maruti Vitara Brezza ZDi,Coimbatore,2018,64456,Diesel,Manual,First,24.3,1248 ,88.5 ,5,11 ,10.46
1149,Honda Amaze S Petrol,Kochi,2016,51672,Petrol,Manual,First,19.5,1199 ,88.76 ,5,7.55 ,5.68
1157,Hyundai Grand i10 1.2 Kappa Asta,Hyderabad,2017,20000,Petrol,Manual,First,18.9,1197 ,81.86 ,5,7.82 ,5.98
1159,Hyundai Grand i10 1.2 Kappa Magna,Kochi,2018,50234,Petrol,Manual,First,18.9,1197 ,81.86 ,5,6.32 ,4.77
1187,Hyundai Verna VTVT 1.6 AT SX Option,Mumbai,2015,40600,Petrol,Automatic,First,17.0,1591 ,121.3 ,5,15.14 ,7.2
1188,Hyundai Verna CRDi 1.6 AT SX Option,Ahmedabad,2013,87000,Diesel,Automatic,First,22.0,1582 ,126.2 ,5,15.72 ,5.9
1192,Volvo S60 D4 Momentum,Hyderabad,2015,51000,Diesel,Automatic,First,27.03,1969 ,190 ,5,45.67 ,25
1195,BMW 3 Series 320d Luxury Line,Chennai,2012,65000,Diesel,Automatic,First,22.69,1995 ,190 ,5,54.7 ,14
1197,Toyota Innova Crysta 2.4 VX MT,Hyderabad,2017,24393,Diesel,Manual,First,13.68,2393 ,147.8 ,7,22.87 ,20.4
1198,Volkswagen Polo 1.0 MPI Trendline,Hyderabad,2019,1000,Petrol,Manual,First,18.78,999 ,75 ,5,6.74 ,5.68
1200,Mitsubishi Pajero Sport 4X4,Mumbai,2013,59000,Diesel,Manual,First,13.5,2477 ,175.56 ,7,33.09 ,12.75
1226,Toyota Corolla Altis 1.8 VL CVT,Delhi,2017,21000,Petrol,Automatic,First,14.28,1798 ,138.03 ,5,23.25 ,18
1230,Toyota Corolla Altis 1.4 DG,Ahmedabad,2012,52000,Diesel,Manual,First,21.43,1364 ,86.79 ,5,19.27 ,6.5
1242,Jaguar XE 2.0L Diesel Prestige,Delhi,2018,1000,Diesel,Automatic,First,13.6,1999 ,177 ,5,52.77 ,40
1243,Mahindra Xylo D4,Chennai,2016,85000,Diesel,Manual,First,14.95,2489 ,93.7 ,7,11.67 ,6.15
1247,Maruti Swift VDI,Kochi,2017,34613,Diesel,Manual,First,28.4,1248 ,74 ,5,7.92 ,6.24
1256,Hyundai Xcent 1.2 VTVT S,Bangalore,2014,54000,Petrol,Manual,First,20.14,1197 ,81.86 ,5,7.85 ,5.5
1270,Honda City i-VTEC CVT VX,Kochi,2018,22974,Petrol,Automatic,First,18.0,1497 ,117.3 ,5,15.55 ,11.97
1272,Toyota Fortuner 2.8 2WD MT,Ahmedabad,2015,65012,Diesel,Manual,First,14.24,2755 ,174.5 ,7,32.45 ,18.9
1274,Maruti Eeco 7 Seater Standard,Hyderabad,2015,90413,Petrol,Manual,First,15.1,1196 ,73 ,7,4.83 ,2.95
1301,Maruti Swift LDI,Mumbai,2015,14000,Diesel,Manual,First,28.4,1248 ,74 ,5,7.13 ,5.25
1303,BMW 5 Series 520d Luxury Line,Coimbatore,2012,44450,Diesel,Automatic,First,22.48,1995 ,190 ,5,71.82 ,24.68
1305,BMW X1 M Sport sDrive 20d,Mumbai,2016,31000,Diesel,Automatic,First,17.05,1995 ,190 ,5,50.97 ,29.5
1313,Hyundai Verna CRDi 1.4 E,Chennai,2008,121097,Diesel,Manual,Second,24.0,1396 ,88.76 ,5,10.73 ,1.9
1317,Fiat Linea Classic Plus 1.3 Multijet,Jaipur,2013,86000,Diesel,Manual,Second,19.5,1248 ,75 ,5,9.5 ,2.5
1320,BMW 3 Series 320d Luxury Line,Kochi,2013,37613,Diesel,Automatic,First,22.69,1995 ,190 ,5,52.46 ,13.95
1324,Maruti Ignis 1.2 Delta,Coimbatore,2019,16862,Petrol,Manual,First,20.89,1197 ,81.80 ,5,6.07 ,6.06
1336,Audi Q7 45 TDI Quattro Technology,Mumbai,2016,20002,Diesel,Automatic,First,14.75,2967 ,245 ,7,1.0,67
1362,Maruti Alto K10 VXI,Kolkata,2018,2100,Petrol,Manual,First,24.07,998 ,67.1 ,5,4.33 ,3.6
1363,Hyundai Grand i10 1.2 Kappa Sportz AT,Coimbatore,2018,20667,Petrol,Automatic,First,18.9,1197 ,81.86 ,5,8.63 ,7.55
1368,Hyundai Grand i10 1.2 Kappa Sportz,Kochi,2019,18453,Petrol,Manual,First,18.9,1197 ,81.86 ,5,6.68 ,6.17
1369,Hyundai Verna CRDi 1.6 SX,Hyderabad,2008,96578,Diesel,Manual,First,22.0,1582 ,126.2 ,5,14.07 ,2.5
1381,Renault Duster 110PS Diesel RxZ AMT,Bangalore,2016,45000,Diesel,Automatic,First,19.6,1461 ,108.45 ,5,15.05 ,11.5
1393,Hyundai Grand i10 1.2 Kappa Magna AT,Bangalore,2018,3000,Petrol,Automatic,First,18.9,1197 ,81.86 ,5,7.98 ,6.2
1407,Toyota Innova Crysta 2.8 ZX AT,Kolkata,2016,66618,Diesel,Automatic,First,11.36,2755 ,171.5 ,7,24.82 ,15.49
1412,Tata Zest Revotron 1.2T XM,Mumbai,2016,43706,Petrol,Manual,First,17.57,1193 ,88.7 ,5,7.63 ,4
1427,Toyota Innova Crysta 2.4 VX MT,Kochi,2018,8899,Diesel,Manual,First,13.68,2393 ,147.8 ,7,22.86 ,19.92
1437,Ford EcoSport 1.5 Petrol Titanium,Pune,2018,17000,Petrol,Manual,First,17.0,1497 ,121.36 ,5,11.06 ,9.2
1443,Maruti Alto K10 VXI,Hyderabad,2016,10000,Petrol,Manual,First,24.07,998 ,67.1 ,5,4.53 ,3.5
1455,Toyota Corolla Altis 1.8 G,Mumbai,2010,93000,Petrol,Manual,First,14.28,1798 ,138.03 ,5,19.39 ,4.5
1472,Hyundai Elantra 2.0 SX Option AT,Delhi,2017,9500,Petrol,Automatic,First,14.62,1999 ,149.92 ,5,21.77 ,16.35
1490,Hyundai Creta 1.6 SX Automatic Diesel,Chennai,2016,55000,Diesel,Automatic,First,17.6,1582 ,126.2 ,5,18.35 ,12.5
1494,Volkswagen Ameo 1.5 TDI Comfortline,Jaipur,2016,58095,Diesel,Manual,First,21.66,1498 ,108.62 ,5,9.19 ,5.8
1495,Tata Zest Revotron 1.2 XT,Kolkata,2015,7445,Petrol,Manual,First,17.57,1193 ,88.7 ,5,8.09 ,5
1497,Toyota Corolla Altis 1.8 VL CVT,Kochi,2018,28321,Petrol,Automatic,First,14.28,1798 ,138.03 ,5,23.25 ,17.49
1505,Land Rover Range Rover Sport SE,Kochi,2019,26013,Diesel,Automatic,First,12.65,2993 ,255 ,5,1.3,97.07
1519,Maruti Dzire AMT ZDI Plus,Hyderabad,2017,28226,Diesel,Automatic,First,28.4,1248 ,73.75 ,5,11.52 ,9.15
1525,Ford EcoSport 1.5 Diesel Titanium Plus,Chennai,2016,29200,Diesel,Manual,First,23.0,1498 ,98.96 ,5,13.23 ,7.7
1529,Tata Zest Quadrajet 1.3 XT,Coimbatore,2018,38310,Diesel,Manual,First,20.65,1248 ,88.7 ,5,10.06 ,6.69
1531,Skoda Rapid 1.5 TDI AT Style,Kolkata,2017,31300,Diesel,Automatic,First,21.72,1498 ,108.4 ,5,15.34 ,10.5
1532,Toyota Innova Crysta 2.4 VX MT 8S,Coimbatore,2019,11241,Diesel,Manual,First,13.68,2393 ,147.8 ,8,24.01 ,22.55
1542,Mahindra Thar CRDe,Jaipur,2016,19000,Diesel,Manual,First,16.55,2498 ,105 ,6,11.39 ,9.25
1544,Ford Aspire Titanium Diesel,Coimbatore,2017,30279,Diesel,Manual,First,26.1,1498 ,99 ,5,9.79 ,7.29
1545,Mini Cooper 3 DOOR D,Mumbai,2016,20000,Diesel,Automatic,First,20.7,1496 ,113.98 ,4,35 ,23.5
1547,Mahindra Verito 1.5 D4 BSIV,Pune,2015,90000,Diesel,Manual,Second,21.03,1461 ,65 ,5,9.26 ,3.1
1558,Volkswagen Ameo 1.2 MPI Highline,Coimbatore,2017,22389,Petrol,Manual,First,17.0,1198 ,73.75 ,5,8.68 ,7.23
1568,Land Rover Discovery Sport TD4 HSE 7S,Mumbai,2017,40000,Diesel,Automatic,First,12.81,1999 ,148.31 ,7,66.39 ,41.5
1574,Volkswagen Tiguan 2.0 TDI Highline,Jaipur,2017,50510,Diesel,Automatic,First,17.06,1968 ,141 ,5,36.45 ,24.9
1583,Audi Q7 45 TDI Quattro Premium Plus,Kochi,2019,6773,Diesel,Automatic,First,14.75,2967 ,245 ,7,91.38 ,72.94
1589,Mahindra Bolero ZLX,Jaipur,2013,63000,Diesel,Manual,First,15.96,2523 ,62.1 ,7,11.15 ,5.5
1631,BMW X1 M Sport sDrive 20d,Kochi,2017,32838,Diesel,Automatic,First,17.05,1995 ,190 ,5,50.97 ,30.29
1652,Jaguar XE 2.0L Diesel Prestige,Hyderabad,2017,4000,Diesel,Automatic,First,13.6,1999 ,177 ,5,53.41 ,38
1663,Maruti Wagon R LXI,Delhi,2012,45631,Petrol,Manual,Second,22.5,998 ,67.04 ,5,4.59 ,2.74
1677,Hyundai Grand i10 1.2 Kappa Magna,Delhi,2017,12248,Petrol,Manual,First,18.9,1197 ,81.86 ,5,6.54 ,4.9
1680,Maruti Alto K10 VXI,Coimbatore,2011,48624,Petrol,Manual,First,24.07,998 ,67.1 ,5,4.7 ,3.22
1689,BMW 5 Series 520d Luxury Line,Kochi,2018,32586,Diesel,Automatic,First,22.48,1995 ,190 ,5,67.87 ,37.3
1690,Mercedes-Benz GLE 350d,Coimbatore,2018,40129,Diesel,Automatic,First,11.57,2987 ,254.79 ,5,95.13 ,70.8
1692,Hyundai Grand i10 1.2 Kappa Sportz,Kochi,2018,10393,Petrol,Manual,First,18.9,1197 ,81.86 ,5,6.62 ,6.03
1704,Honda Amaze V CVT Petrol,Pune,2018,1700,Petrol,Automatic,First,19.0,1199 ,88.76 ,5,9.44 ,7.8
1708,Audi Q3 35 TDI Quattro Premium Plus,Coimbatore,2016,58661,Diesel,Automatic,First,15.17,1968 ,181 ,5,48.64 ,28.03
1717,Mahindra Xylo D4,Hyderabad,2015,169000,Diesel,Manual,First,14.95,2489 ,93.7 ,7,11.69 ,5
1725,Maruti Ciaz Zeta,Mumbai,2017,5500,Petrol,Manual,First,21.56,1462 ,103.25 ,5,11.11 ,8.2
1743,Maruti Wagon R LXI,Ahmedabad,2010,21002,Petrol,Manual,First,22.5,998 ,67.04 ,5,4.74 ,2.75
1747,Maruti Eeco 7 Seater Standard,Coimbatore,2017,28371,Petrol,Manual,First,15.1,1196 ,73 ,7,4.98 ,4.74
1754,Renault KWID Climber 1.0 MT,Delhi,2017,15000,Petrol,Manual,First,21.7,999 ,67 ,5,4.98 ,4.25
1773,Honda WRV i-VTEC VX,Kochi,2018,15135,Petrol,Manual,First,17.5,1199 ,88.7 ,5,10.57 ,9.29
1783,Maruti Wagon R VXI AMT,Coimbatore,2017,37832,Petrol,Automatic,First,22.5,998 ,67 ,5,6.33 ,5.23
1784,Hyundai Grand i10 1.2 Kappa Asta,Coimbatore,2016,43041,Petrol,Manual,First,18.9,1197 ,81.86 ,5,8.1 ,6.01
1793,Hyundai Grand i10 1.2 Kappa Magna,Kolkata,2017,31184,Petrol,Manual,First,18.9,1197 ,81.86 ,5,6.4 ,5
1794,Maruti Dzire AMT ZDI Plus,Pune,2017,41747,Diesel,Automatic,First,28.4,1248 ,73.75 ,5,11.26 ,9
1797,Toyota Etios Liva 1.2 VX Dual Tone,Coimbatore,2019,20877,Petrol,Manual,First,18.16,1197 ,78.9 ,5,7.59 ,7.27
1798,Maruti Swift VXI,Mumbai,2016,23555,Petrol,Manual,First,22.0,1197 ,81.80 ,5,7 ,5.1
1803,Volkswagen Polo GT TSI,Mumbai,2016,28000,Petrol,Automatic,First,17.21,1197 ,103.5 ,5,11.26 ,7.25
1805,Tata Bolt Quadrajet XE,Hyderabad,2017,40000,Diesel,Manual,First,22.95,1248 ,74 ,5,7.43 ,5.25
1823,Hyundai Elantra 1.6 SX Option AT,Ahmedabad,2014,49000,Diesel,Automatic,First,18.23,1582 ,126.2 ,5,22.43 ,8.9
1824,Jeep Compass 2.0 Limited Option Black,Mumbai,2017,7000,Diesel,Manual,First,17.1,1956 ,170 ,5,24.02 ,17.45
1826,Toyota Corolla Altis 1.8 GL,Kochi,2012,83184,Petrol,Manual,First,14.28,1798 ,138.03 ,5,21.69 ,6.22
1830,Mercedes-Benz GLE 350d,Coimbatore,2017,33552,Diesel,Automatic,First,11.57,2987 ,254.79 ,5,95.13 ,64.87
1841,Mercedes-Benz A Class A180 Sport,Mumbai,2016,17000,Petrol,Automatic,First,15.5,1595 ,122 ,5,34.63 ,17.25
1842,Hyundai Grand i10 1.2 Kappa Magna,Kochi,2018,46493,Petrol,Manual,First,18.9,1197 ,81.86 ,5,6.32 ,5.53
1855,BMW 3 Series 320d,Ahmedabad,2011,100000,Diesel,Automatic,Second,22.69,1995 ,190 ,5,43.31 ,10.9
1872,Maruti Eeco 7 Seater Standard,Mumbai,2014,34669,Petrol,Manual,First,15.1,1196 ,73 ,7,4.71 ,2.9
1877,Toyota Innova Crysta 2.8 GX AT,Kochi,2019,10601,Diesel,Automatic,First,11.36,2755 ,171.5 ,7,20.74 ,19.65
1885,Mercedes-Benz GLS 350d Grand Edition,Delhi,2018,6000,Diesel,Automatic,First,11.0,2987 ,258 ,7,1.0,79
1886,Hyundai Grand i10 1.2 Kappa Sportz,Delhi,2018,9434,Petrol,Manual,First,18.9,1197 ,81.86 ,5,6.71 ,5.75
1896,Volkswagen Ameo 1.2 MPI Highline,Coimbatore,2018,35569,Petrol,Manual,First,17.0,1198 ,73.75 ,5,8.68 ,7.27
1902,Toyota Fortuner 2.8 2WD AT,Ahmedabad,2017,15000,Diesel,Automatic,First,12.9,2755 ,174.5 ,7,34.45 ,30
1920,Maruti Dzire VDI,Delhi,2016,45376,Diesel,Manual,First,28.4,1248 ,73.75 ,5,8.58 ,5.75
1923,Ford EcoSport 1.5 Diesel Titanium Plus,Kochi,2017,78526,Diesel,Manual,First,23.0,1498 ,98.96 ,5,12.67 ,8.09
1926,BMW X1 sDrive 20d xLine,Coimbatore,2015,42265,Diesel,Automatic,Second,20.68,1995 ,190 ,5,48.18 ,22.24
1932,Ford EcoSport 1.5 Diesel Titanium,Mumbai,2017,26000,Diesel,Manual,First,23.0,1498 ,98.96 ,5,11.89 ,8.99
1934,Maruti Dzire ZDI Plus,Jaipur,2017,24000,Diesel,Manual,First,28.4,1248 ,73.75 ,5,10.48 ,8.2
1955,Hyundai Verna VTVT 1.6 SX Option,Delhi,2013,57478,Petrol,Manual,Second,17.0,1591 ,121.3 ,5,13.59 ,5.25
1961,Maruti Vitara Brezza ZDi,Hyderabad,2016,41372,Diesel,Manual,First,24.3,1248 ,88.5 ,5,11.02 ,9.3
1963,Mercedes-Benz GLA Class 200 d Sport,Pune,2017,35000,Diesel,Automatic,First,17.9,2143 ,136 ,5,41.94 ,23.5
1990,Maruti Dzire VDI,Mumbai,2012,74000,Diesel,Manual,Second,28.4,1248 ,73.75 ,5,8.94 ,4.25
1991,Jeep Compass 2.0 Longitude,Kochi,2018,28937,Diesel,Manual,First,17.1,1956 ,170 ,5,21.38 ,17.02
1994,Toyota Corolla Altis 1.4 DG,Coimbatore,2013,63854,Diesel,Manual,First,21.43,1364 ,86.79 ,5,19.27 ,7.12
1995,Maruti Vitara Brezza ZDi Plus AMT Dual Tone,Chennai,2018,3000,Diesel,Automatic,First,24.3,1248 ,88.5 ,5,12.88 ,11.25
1998,Hyundai Xcent 1.2 VTVT SX,Mumbai,2014,64241,Petrol,Manual,First,20.14,1197 ,81.86 ,5,8.27 ,3.67
2003,BMW X1 sDrive 20d xLine,Bangalore,2016,28143,Diesel,Automatic,First,20.68,1995 ,190 ,5,48.18 ,28.5
2008,Toyota Innova Crysta 2.4 VX MT,Hyderabad,2017,67000,Diesel,Manual,First,13.68,2393 ,147.8 ,7,22.87 ,16.5
2013,Hyundai Grand i10 1.2 Kappa Magna AT,Kochi,2018,5354,Petrol,Automatic,First,18.9,1197 ,81.86 ,5,7.37 ,6.76
2014,Volkswagen Polo 1.0 MPI Comfortline,Chennai,2016,42000,Petrol,Manual,Second,18.78,999 ,75 ,5,7.33 ,5.5
2025,Maruti Eeco 7 Seater Standard,Coimbatore,2013,54885,Petrol,Manual,First,15.1,1196 ,73 ,7,4.98 ,3.75
2030,Toyota Innova Crysta 2.4 VX MT,Mumbai,2016,25121,Diesel,Manual,First,13.68,2393 ,147.8 ,7,23.06 ,17.11
2041,Mahindra Bolero SLE,Hyderabad,2012,75000,Diesel,Manual,First,15.96,2523 ,62.1 ,7,10.32 ,4.3
2054,Maruti Ignis 1.2 Alpha,Mumbai,2017,1000,Petrol,Manual,First,20.89,1197 ,81.80 ,5,7.87 ,6.36
2056,BMW 7 Series 730Ld Eminence,Kochi,2015,29966,Diesel,Automatic,Second,16.77,2993 ,261.49 ,5,1.,43.6
2061,Jeep Compass 2.0 Longitude,Coimbatore,2018,33218,Diesel,Manual,First,17.1,1956 ,170 ,5,22.46 ,19.05
2073,Mini Cooper 5 DOOR D,Hyderabad,2017,2000,Diesel,Automatic,First,20.7,1496 ,113.98 ,5,42.48 ,34
2075,Tata Zest Revotron 1.2T XMS,Chennai,2015,40000,Petrol,Manual,First,17.57,1193 ,88.7 ,5,7.69 ,4
2079,Ford Aspire Titanium Plus Diesel,Kolkata,2015,2800,Diesel,Manual,First,26.1,1498 ,99 ,5,9.4 ,8.41
2086,Hyundai Grand i10 1.2 Kappa Asta,Coimbatore,2016,37429,Petrol,Manual,First,18.9,1197 ,81.86 ,5,8.1 ,5.89
2088,Honda City i-VTEC V,Delhi,2011,67031,Petrol,Manual,First,17.4,1497 ,117.3 ,5,11.85 ,4
2090,Maruti Celerio VXI AMT,Mumbai,2016,47691,Petrol,Automatic,First,23.1,998 ,67.04 ,5,6.08 ,3.94
2094,Maruti Dzire VDI,Kolkata,2015,28193,Diesel,Manual,First,28.4,1248 ,73.75 ,5,8.36 ,5.25
2095,Mercedes-Benz SLC 43 AMG,Coimbatore,2019,2526,Petrol,Automatic,First,19.0,2996 ,362.07 ,2,1.0,83.96
2097,Mercedes-Benz E-Class E 220 d,Hyderabad,2013,85000,Diesel,Automatic,First,16.1,1950 ,194 ,5,71.15 ,21
2098,Hyundai Grand i10 1.2 Kappa Sportz,Ahmedabad,2015,20780,Petrol,Manual,First,18.9,1197 ,81.86 ,5,6.82 ,4.3
2111,Mercedes-Benz GLE 250d,Kochi,2017,25601,Diesel,Automatic,First,17.9,2143 ,201.15 ,5,78.76 ,56.73
2119,Ford Freestyle Titanium Petrol,Mumbai,2007,1261,Petrol,Manual,First,19.0,1194 ,94.68 ,5,8.12 ,6
2120,Hyundai Elite i20 Asta Option,Coimbatore,2017,59450,Petrol,Manual,First,18.6,1197 ,81.86 ,5,9.78 ,7.53
2127,Maruti Baleno Delta,Mumbai,2016,12573,Petrol,Manual,First,21.4,1197 ,83.1 ,5,7.36 ,5.8
2134,Toyota Fortuner 2.8 2WD AT,Pune,2017,29000,Diesel,Automatic,First,12.9,2755 ,174.5 ,7,38.11 ,31
2138,Maruti Ertiga ZDI,Delhi,2013,68000,Diesel,Manual,First,25.47,1248 ,88.50 ,7,11.75 ,4.85
2151,Maruti Swift VDI,Hyderabad,2013,84000,Diesel,Manual,First,28.4,1248 ,74 ,5,8.44 ,5.65
2157,Hyundai Creta 1.6 SX Option,Delhi,2016,24347,Petrol,Manual,First,15.8,1591 ,121.3 ,5,16.06 ,11
2160,Honda City i-VTEC CVT VX,Mumbai,2017,17000,Petrol,Automatic,First,18.0,1497 ,117.3 ,5,15.29 ,11.6
2166,Honda Brio 1.2 VX MT,Kochi,2014,41460,Petrol,Manual,First,18.5,1198 ,86.8 ,5,6.63 ,3.95
2178,Land Rover Discovery HSE Luxury 3.0 TD6,Mumbai,2017,35000,Diesel,Automatic,First,18.0,2993 ,255 ,7,1.2,41.6
2182,Toyota Fortuner 2.8 4WD MT,Bangalore,2015,150386,Diesel,Manual,First,14.24,2755 ,174.5 ,7,39.6 ,23
2185,Maruti Vitara Brezza ZDi Plus,Ahmedabad,2017,80000,Diesel,Manual,First,24.3,1248 ,88.5 ,5,10.91 ,8
2187,Hyundai Tucson 2.0 Dual VTVT 2WD AT GL,Mumbai,2016,13000,Petrol,Automatic,First,12.95,1999 ,152.88 ,5,25.75 ,17.75
2195,Maruti Wagon R VXI,Kolkata,2016,16956,Petrol,Manual,First,22.5,998 ,67.04 ,5,5.29 ,3.6
2200,Maruti Wagon R VXI,Mumbai,2010,38000,Petrol,Manual,Second,22.5,998 ,67.04 ,5,5.61 ,1.75
2220,Honda Brio 1.2 VX AT,Mumbai,2017,20000,Petrol,Automatic,First,16.5,1198 ,86.8 ,5,8.05 ,5.99
2224,Toyota Etios Cross 1.4L GD,Kochi,2016,36681,Diesel,Manual,First,23.59,1364 ,67.06 ,5,8.82 ,6.71
2229,Honda City i-VTEC CVT ZX,Coimbatore,2018,20300,Petrol,Automatic,First,18.0,1497 ,117.3 ,5,17.38 ,14.21
2231,Maruti Celerio ZXI MT,Kochi,2017,21799,Petrol,Manual,First,23.1,998 ,67.04 ,5,5.69 ,5.11
2233,Toyota Innova Crysta 2.8 ZX AT,Hyderabad,2017,35358,Diesel,Automatic,First,11.36,2755 ,171.5 ,7,26.56 ,22.99
2239,Tata Tiago 1.2 Revotron XT,Jaipur,2016,42700,Petrol,Manual,First,23.84,1199 ,84 ,5,5.61 ,3.6
2242,Toyota Fortuner 2.8 4WD MT,Hyderabad,2010,110000,Diesel,Manual,First,14.24,2755 ,174.5 ,7,37.51 ,13.7
2245,Maruti Wagon R VXI 1.2,Mumbai,2015,55000,Petrol,Manual,First,21.5,1197 ,81.80 ,5,5.88 ,3.1
2251,Honda City i-DTEC ZX,Hyderabad,2017,46000,Diesel,Manual,First,25.6,1498 ,98.6 ,5,16.95 ,12.9
2260,BMW 5 Series 520d Luxury Line,Ahmedabad,2012,95000,Diesel,Automatic,Second,22.48,1995 ,190 ,5,63.71 ,17.5
2275,Ford EcoSport 1.5 Diesel Titanium,Delhi,2017,39000,Diesel,Manual,First,23.0,1498 ,98.96 ,5,11.47 ,8.45
2277,Toyota Fortuner 2.8 4WD MT,Mumbai,2010,140000,Diesel,Manual,First,14.24,2755 ,174.5 ,7,37.46 ,10.75
2290,Maruti Swift VDI,Kochi,2016,62192,Diesel,Manual,First,28.4,1248 ,74 ,5,7.88 ,5.22
2292,Maruti Ciaz Alpha,Kochi,2018,38394,Petrol,Manual,First,21.56,1462 ,103.25 ,5,11.37 ,9.18
2309,Hyundai Elantra 2.0 SX Option AT,Delhi,2016,28000,Petrol,Automatic,First,14.62,1999 ,149.92 ,5,21.77 ,13.9
2313,Volkswagen Vento 1.5 TDI Trendline,Mumbai,2011,47000,Diesel,Manual,First,20.64,1498 ,108.5 ,5,11.3 ,3.25
2319,Mercedes-Benz E-Class E 350 d,Coimbatore,2019,9312,Diesel,Automatic,First,18.0,2987 ,258 ,5,92.5 ,78.8
2326,Hyundai Elantra 2.0 SX Option AT,Coimbatore,2015,58239,Petrol,Automatic,First,14.62,1999 ,149.92 ,5,23.64 ,9.69
2333,Nissan Terrano XL D Option,Mumbai,2014,51000,Diesel,Manual,First,19.87,1461 ,83.14 ,5,15.06 ,5.65
2334,Toyota Fortuner 2.8 2WD AT,Ahmedabad,2016,88008,Diesel,Automatic,Second,12.9,2755 ,174.5 ,7,34.45 ,22.5
2341,Mercedes-Benz GLA Class 200 d Sport,Mumbai,2018,10000,Diesel,Automatic,First,17.9,2143 ,136 ,5,41.94 ,28.9
2364,Mini Cooper Convertible S,Chennai,2012,17000,Petrol,Automatic,Second,16.82,1998 ,189.08 ,4,44.28 ,22
2370,Mini Cooper 3 DOOR S,Mumbai,2013,21000,Petrol,Automatic,First,17.44,1998 ,189.08 ,4,39.57 ,21.5
2380,Skoda Rapid 1.6 MPI AT Ambition,Mumbai,2017,32000,Petrol,Automatic,First,14.84,1598 ,103.52 ,5,13.7 ,8.11
2387,Maruti Ertiga VDI,Delhi,2017,65000,Diesel,Manual,First,25.47,1248 ,88.50 ,7,11.16 ,7.65
2397,Ford EcoSport 1.5 Petrol Trend,Kolkata,2016,21460,Petrol,Manual,First,17.0,1497 ,121.36 ,5,9.47 ,6
2400,Honda Jazz V CVT,Hyderabad,2015,33000,Petrol,Automatic,First,19.0,1199 ,88.7 ,5,10.17 ,7.25
2410,Maruti Vitara Brezza ZDi Plus,Jaipur,2017,48324,Diesel,Manual,First,24.3,1248 ,88.5 ,5,11.47 ,9
2413,Hyundai Grand i10 1.2 CRDi Sportz,Kochi,2017,20773,Diesel,Manual,First,24.0,1186 ,73.97 ,5,8.17 ,5.92
2414,Volkswagen Polo 1.5 TDI Highline,Kolkata,2016,22000,Diesel,Manual,First,20.14,1498 ,88 ,5,9.58 ,6.29
2423,BMW 3 Series 320d,Mumbai,2013,25000,Diesel,Automatic,First,22.69,1995 ,190 ,5,47.87 ,17.99
2428,Mahindra Xylo H4,Chennai,2015,82000,Diesel,Manual,Second,14.02,2179 ,118.3 ,7,11.67 ,4.85
2438,Maruti Dzire VDI,Hyderabad,2011,110000,Diesel,Manual,First,28.4,1248 ,73.75 ,5,9.14 ,4
2443,Volkswagen Polo 1.5 TDI Highline,Delhi,2012,68038,Diesel,Manual,First,20.14,1498 ,88 ,5,9.96 ,3.6
2445,BMW 5 Series 520d Luxury Line,Ahmedabad,2013,55000,Diesel,Automatic,First,22.48,1995 ,190 ,5,63.71 ,21.75
2446,Mercedes-Benz GLC 220d 4MATIC Sport,Mumbai,2017,25000,Diesel,Automatic,First,17.9,2143 ,170 ,5,64.14 ,45
2447,Maruti Alto K10 VXI,Coimbatore,2011,46808,Petrol,Manual,Second,24.07,998 ,67.1 ,5,4.7 ,3.19
2448,Hyundai Xcent 1.2 VTVT S,Coimbatore,2015,65743,Petrol,Manual,First,20.14,1197 ,81.86 ,5,7.85 ,6.2
2454,Hyundai Creta 1.6 SX Option,Mumbai,2016,29477,Petrol,Manual,First,15.8,1591 ,121.3 ,5,16.36 ,10.25
2455,Toyota Fortuner 2.8 2WD AT,Delhi,2017,40000,Diesel,Automatic,First,12.9,2755 ,174.5 ,7,37.38 ,30
2459,Ford EcoSport 1.5 Diesel Titanium,Mumbai,2017,30000,Diesel,Manual,First,23.0,1498 ,98.96 ,5,11.89 ,8.99
2464,Tata Zest Revotron 1.2T XE,Delhi,2017,47000,Petrol,Manual,Second,17.57,1193 ,88.7 ,5,6.62 ,4.5
2485,Maruti Vitara Brezza ZDi Plus Dual Tone,Kochi,2017,45362,Diesel,Manual,First,24.3,1248 ,88.5 ,5,11.75 ,9.38
2488,Tata Hexa XTA,Coimbatore,2019,14233,Diesel,Automatic,First,17.6,2179 ,153.86 ,7,22.74 ,17.85
2495,Skoda Superb Style 1.8 TSI AT,Mumbai,2010,62004,Petrol,Automatic,Second,14.67,1798 ,177.46 ,5,33.36 ,3.75
2496,Volkswagen Vento 1.5 TDI Highline AT,Mumbai,2016,25500,Diesel,Automatic,First,21.5,1498 ,108.5 ,5,15.86 ,8.95
2509,Mercedes-Benz E-Class E 220 d,Mumbai,2018,11000,Diesel,Automatic,First,16.1,1950 ,194 ,5,70.55 ,56.5
2510,BMW 3 Series 320d Luxury Line,Mumbai,2014,18600,Diesel,Automatic,Second,22.69,1995 ,190 ,5,54.43 ,21
2528,Land Rover Discovery SE 3.0 TD6,Delhi,2016,59000,Diesel,Automatic,First,18.0,2993 ,255 ,7,1.1,36.75
2533,Mercedes-Benz CLA 200 CDI Sport,Coimbatore,2017,20969,Diesel,Automatic,First,17.9,2143 ,136 ,5,45.36 ,27.87
2534,Maruti Vitara Brezza ZDi,Kolkata,2018,2900,Diesel,Manual,First,24.3,1248 ,88.5 ,5,10.13 ,8.75
2536,Skoda Rapid 1.5 TDI Ambition,Coimbatore,2018,5833,Diesel,Manual,First,21.13,1498 ,108.4 ,5,14.22 ,11.92
2545,Mahindra NuvoSport N8,Coimbatore,2017,37712,Diesel,Manual,First,17.45,1493 ,100 ,7,11.77 ,7.57
2558,Datsun redi-GO T Option,Kochi,2018,30953,Petrol,Manual,First,22.7,799 ,53.64 ,5,4.05 ,3.48
2563,Jeep Compass 2.0 Limited 4X4,Coimbatore,2018,48188,Diesel,Manual,First,16.3,1956 ,170 ,5,26.95 ,21.69
2569,Toyota Innova Crysta 2.8 ZX AT,Coimbatore,2017,65367,Diesel,Automatic,First,11.36,2755 ,171.5 ,7,28.05 ,20.14
2589,Maruti Wagon R VXI AMT,Mumbai,2016,8000,Petrol,Automatic,First,22.5,998 ,67 ,5,6.14 ,4.15
2592,Maruti Alto K10 VXI,Mumbai,2016,13198,Petrol,Manual,First,24.07,998 ,67.1 ,5,4.82 ,3.15
2595,Tata Tiago AMT 1.2 Revotron XZA,Coimbatore,2019,15379,Petrol,Automatic,First,23.84,1199 ,83.83 ,5,7.17 ,6.97
2604,Mini Cooper Convertible S,Mumbai,2016,15000,Petrol,Automatic,First,16.82,1998 ,189.08 ,4,44.28 ,35
2607,Hyundai Verna CRDi 1.6 SX Option,Pune,2017,50000,Diesel,Manual,First,22.0,1582 ,126.2 ,5,15.72 ,11.5
2622,Renault Duster 85PS Diesel RxE,Pune,2016,54000,Diesel,Manual,First,19.87,1461 ,83.8 ,5,11.27 ,6.5
2648,Honda BRV i-VTEC V MT,Pune,2016,9200,Petrol,Manual,First,15.4,1497 ,117.3 ,7,13.58 ,8
2649,Honda Amaze S Diesel,Hyderabad,2015,29000,Diesel,Manual,First,27.4,1498 ,98.6 ,5,9.09 ,5.99
2665,Maruti Alto K10 VXI,Kochi,2018,46805,Petrol,Manual,First,24.07,998 ,67.1 ,5,4.09 ,3.63
2667,Tata Zest Revotron 1.2T XE,Mumbai,2017,100000,Petrol,Manual,First,17.57,1193 ,88.7 ,5,6.83 ,4.25
2678,Maruti Wagon R LXI,Kochi,2011,15466,Petrol,Manual,First,22.5,998 ,67.04 ,5,5.04 ,3.36
2692,BMW 3 Series 320d,Kolkata,2011,70000,Diesel,Automatic,First,22.69,1995 ,190 ,5,43.81 ,10.3
2694,Maruti Wagon R VXI,Kochi,2014,41994,Petrol,Manual,First,22.5,998 ,67.04 ,5,5.12 ,3.41
2699,Audi Q3 35 TDI Quattro Premium Plus,Bangalore,2015,51000,Diesel,Automatic,First,15.17,1968 ,181 ,5,48.64 ,27.5
2700,Maruti Wagon R VXI 1.2,Jaipur,2015,64876,Petrol,Manual,First,21.5,1197 ,81.80 ,5,5.71 ,3.5
2702,Maruti Vitara Brezza ZDi Plus Dual Tone,Coimbatore,2017,25299,Diesel,Manual,First,24.3,1248 ,88.5 ,5,12.56 ,10.34
2709,Honda Amaze V Petrol,Kochi,2016,40866,Petrol,Manual,First,19.5,1199 ,86.76 ,5,8.16 ,5.47
2711,Mini Cooper Convertible S,Kochi,2017,20469,Petrol,Automatic,First,16.82,1998 ,189.08 ,4,44.28 ,35.98
2722,Volkswagen Ameo 1.5 TDI Highline,Kochi,2018,31426,Diesel,Manual,First,21.66,1498 ,108.62 ,5,9.72 ,7.9
2728,Maruti Baleno Alpha CVT,Kochi,2019,13574,Petrol,Automatic,First,21.4,1197 ,83.1 ,5,10.3 ,9.51
2742,BMW 5 Series 520d Luxury Line,Ahmedabad,2013,90000,Diesel,Automatic,First,22.48,1995 ,190 ,5,63.71 ,19.5
2745,Maruti Vitara Brezza ZDi Plus,Kochi,2017,38426,Diesel,Manual,First,24.3,1248 ,88.5 ,5,11.12 ,9.13
2746,Maruti Eeco 7 Seater Standard,Pune,2011,45000,Petrol,Manual,First,15.1,1196 ,73 ,7,4.69 ,2.25
2749,Maruti Wagon R LXI,Mumbai,2010,37822,Petrol,Manual,First,22.5,998 ,67.04 ,5,5.04 ,2.35
2763,Toyota Innova Crysta 2.4 VX MT 8S,Coimbatore,2017,72202,Diesel,Manual,First,13.68,2393 ,147.8 ,8,24.01 ,17.92
2767,Mercedes-Benz GLE 350d,Coimbatore,2018,30706,Diesel,Automatic,First,11.57,2987 ,254.79 ,5,95.13 ,59.29
2770,Maruti Baleno Alpha,Mumbai,2016,12208,Petrol,Manual,First,21.4,1197 ,83.1 ,5,8.78 ,6.75
2774,Volkswagen Polo GT TSI,Mumbai,2017,27853,Petrol,Automatic,First,17.21,1197 ,103.5 ,5,11.26 ,8.25
2788,Hyundai Grand i10 1.2 Kappa Sportz,Kochi,2018,20689,Petrol,Manual,First,18.9,1197 ,81.86 ,5,6.68 ,6.07
2801,Renault KWID 1.0 RXT Optional AMT,Coimbatore,2017,53285,Petrol,Automatic,First,22.5,999 ,67 ,5,5.42 ,4.28
2808,Mercedes-Benz GLE 350d,Mumbai,2017,19863,Diesel,Automatic,First,11.57,2987 ,254.79 ,5,91.23 ,64.95
2812,Hyundai Grand i10 1.2 Kappa Sportz,Mumbai,2018,3958,Petrol,Manual,First,18.9,1197 ,81.86 ,5,7.14 ,5.55
2827,BMW X3 xDrive 20d Luxury Line,Hyderabad,2009,58000,Diesel,Automatic,First,18.56,1995 ,190 ,5,69.59 ,17.98
2851,Renault KWID 1.0 RXT Optional,Kochi,2018,18335,Petrol,Manual,First,21.7,999 ,67 ,5,4.61 ,4.5
2853,Volkswagen Polo GT TSI,Mumbai,2017,25000,Petrol,Automatic,First,17.21,1197 ,103.5 ,5,11.26 ,7.75
2855,Toyota Fortuner 2.8 2WD AT,Kochi,2019,21719,Diesel,Automatic,First,12.9,2755 ,174.5 ,7,37.38 ,33.13
2859,Renault KWID Climber 1.0 MT,Hyderabad,2018,4126,Petrol,Manual,First,21.7,999 ,67 ,5,5.3 ,4.8
2860,Tata Bolt Quadrajet XM,Hyderabad,2017,98500,Diesel,Manual,First,22.95,1248 ,74 ,5,7.97 ,6
2866,BMW 3 Series 320d,Coimbatore,2009,103905,Diesel,Automatic,First,22.69,1995 ,190 ,5,43.31 ,9.92
2876,Audi A6 35 TDI Matrix,Delhi,2014,56000,Diesel,Automatic,First,18.53,1968 ,187.74 ,5,59.38 ,24
2878,Volkswagen Vento 1.5 TDI Highline AT,Kochi,2017,33550,Diesel,Automatic,First,21.5,1498 ,108.5 ,5,15.86 ,9.6
2879,Audi A6 35 TDI Matrix,Hyderabad,2014,62000,Diesel,Automatic,First,18.53,1968 ,187.74 ,5,67.1 ,25
2890,Ford EcoSport 1.5 Petrol Titanium Plus AT,Coimbatore,2018,27852,Petrol,Automatic,First,14.8,1497 ,121.36 ,5,14.1 ,10.44
2894,Tata Nexon 1.5 Revotorq XZ Plus Dual Tone,Mumbai,2018,14000,Diesel,Manual,First,21.5,1497 ,108.5 ,5,12.22 ,9.9
2900,Isuzu MUX 4WD,Jaipur,2017,34429,Diesel,Automatic,First,13.8,2999 ,174.57 ,7,33.68 ,20
2914,Toyota Corolla Altis 1.4 DG,Ahmedabad,2012,52100,Diesel,Manual,First,21.43,1364 ,86.79 ,5,19.27 ,6.5
2915,Hyundai Grand i10 1.2 Kappa Sportz,Jaipur,2018,10000,Petrol,Manual,First,18.9,1197 ,81.86 ,5,6.96 ,5.85
2916,Jeep Compass 2.0 Limited 4X4,Coimbatore,2019,6261,Diesel,Manual,First,16.3,1956 ,170 ,5,26.95 ,23.91
2917,Maruti Ignis 1.2 AMT Alpha,Coimbatore,2019,3906,Petrol,Automatic,First,20.89,1197 ,81.80 ,5,7.96 ,7.36
2920,Toyota Innova Crysta 2.4 VX MT,Mumbai,2017,38000,Diesel,Manual,First,13.68,2393 ,147.8 ,7,23.06 ,17.65
2922,Toyota Platinum Etios 1.4 GXD,Hyderabad,2015,150000,Diesel,Manual,First,23.59,1364 ,67.05 ,5,9.58 ,6
2937,Toyota Innova Crysta 2.8 GX AT 8S,Delhi,2017,18000,Diesel,Automatic,First,11.36,2755 ,171.5 ,8,20.8 ,18.25
2957,Nissan Micra Active XV,Ahmedabad,2016,41000,Petrol,Manual,First,19.69,1198 ,67.04 ,5,6.78 ,4.25
2959,Jeep Compass 2.0 Sport,Hyderabad,2017,37000,Diesel,Manual,First,17.1,1956 ,170 ,5,19.91 ,16.9
2970,Tata Zest Quadrajet 1.3 75PS XM,Pune,2017,72000,Diesel,Manual,First,22.95,1248 ,74 ,5,8.93 ,5
2977,Maruti Dzire VXI,Hyderabad,2013,34900,Petrol,Manual,First,22.0,1197 ,81.80 ,5,7.97 ,5.49
2989,Maruti Wagon R LXI,Mumbai,2014,25422,Petrol,Manual,First,22.5,998 ,67.04 ,5,5.04 ,3.25
2990,Maruti Ertiga VDI,Mumbai,2018,14000,Diesel,Manual,First,25.47,1248 ,88.50 ,7,11.66 ,9.25
2994,Mahindra KUV 100 G80 K6 Plus 5Str,Kolkata,2017,43000,Petrol,Manual,First,18.15,1198 ,82 ,5,7.35 ,4.5
3002,Maruti Swift VXI,Pune,2010,68000,Petrol,Manual,First,22.0,1197 ,81.80 ,5,6.99 ,2.8
3006,Jeep Compass 2.0 Limited,Pune,2018,16039,Diesel,Manual,First,17.1,1956 ,170 ,5,23.89 ,18.5
3012,Maruti Swift LDI,Hyderabad,2016,52000,Diesel,Manual,First,28.4,1248 ,74 ,5,7.27 ,5.95
3040,Maruti Swift VDI,Kochi,2015,53500,Diesel,Manual,First,28.4,1248 ,74 ,5,7.88 ,5.36
3052,Hyundai Xcent 1.2 CRDi S,Mumbai,2016,50000,Diesel,Manual,First,25.4,1186 ,73.97 ,5,8.84 ,3.5
3059,BMW 3 Series 320d Luxury Line,Delhi,2019,87000,Diesel,Automatic,First,22.69,1995 ,190 ,5,52.46 ,6.67
3067,Mahindra Xylo H4,Coimbatore,2016,93166,Diesel,Manual,Second,14.02,2179 ,118.3 ,7,11.67 ,5.85
3075,Toyota Corolla Altis 1.8 VL CVT,Kolkata,2018,5000,Petrol,Automatic,First,14.28,1798 ,138.03 ,5,22.37 ,16.95
3078,Skoda Rapid 1.6 MPI Ambition,Mumbai,2015,39822,Petrol,Manual,First,15.41,1598 ,103.52 ,5,12.02 ,4.68
3080,Renault KWID RXL,Kochi,2017,24214,Petrol,Manual,Second,25.17,799 ,53.3 ,5,3.95 ,3.46
3087,BMW 3 Series 320d,Coimbatore,2013,85846,Diesel,Automatic,First,22.69,1995 ,190 ,5,48.79 ,13.08
3127,Maruti Vitara Brezza ZDi Plus Dual Tone,Kochi,2017,35981,Diesel,Manual,First,24.3,1248 ,88.5 ,5,11.29 ,9.51
3132,Porsche Cayenne Base,Kochi,2019,14298,Petrol,Automatic,First,13.33,2995 ,340 ,5,1.3,2.02
3142,Honda Brio 1.2 S MT,Mumbai,2015,22000,Petrol,Manual,First,18.5,1198 ,86.8 ,5,6.23 ,3.95
3156,Hyundai Grand i10 1.2 Kappa Magna AT,Coimbatore,2019,12153,Petrol,Automatic,First,18.9,1197 ,81.86 ,5,7.98 ,6.84
3158,Audi A4 30 TFSI Premium Plus,Kochi,2017,61221,Petrol,Automatic,First,17.84,1395 ,147.51 ,5,47.16 ,21.73
3161,Mini Cooper 5 DOOR D,Kochi,2019,14857,Diesel,Automatic,First,20.7,1496 ,113.98 ,5,41.98 ,31.55
3163,Ford Endeavour Titanium 4X2,Coimbatore,2019,14648,Diesel,Manual,First,12.62,2198 ,158 ,7,35.29 ,27.36
3168,Tata Zest Revotron 1.2T XM,Kochi,2017,48198,Petrol,Manual,First,17.57,1193 ,88.7 ,5,7.63 ,4.65
3173,Maruti Dzire LDI,Pune,2012,150000,Diesel,Manual,Third,28.4,1248 ,73.75 ,5,7.91 ,2.25
3181,Maruti Wagon R VXI,Chennai,2014,52000,Petrol,Manual,First,22.5,998 ,67.04 ,5,5.51 ,3.45
3186,Hyundai Grand i10 1.2 Kappa Asta,Coimbatore,2017,62788,Petrol,Manual,First,18.9,1197 ,81.86 ,5,8.1 ,6.08
3190,Toyota Innova Crysta 2.8 GX AT,Pune,2018,20300,Diesel,Automatic,First,11.36,2755 ,171.5 ,7,20.97 ,18
3194,Mini Cooper 3 DOOR D,Kochi,2015,27641,Diesel,Automatic,Second,20.7,1496 ,113.98 ,4,34.89 ,24.77
3198,Mahindra XUV500 W7,Delhi,2018,9000,Diesel,Manual,First,14.0,2179 ,155 ,7,16.4 ,13
3199,BMW 7 Series 730Ld Design Pure Excellence CBU,Kolkata,2012,41100,Diesel,Automatic,First,16.77,2993 ,261.49 ,5,1.6,26.5
3203,Honda City i-VTEC CVT VX,Mumbai,2015,19000,Petrol,Automatic,First,18.0,1497 ,117.3 ,5,15.29 ,8.95
3217,Honda City i-VTEC CVT VX,Jaipur,2017,35000,Petrol,Automatic,First,18.0,1497 ,117.3 ,5,14.67 ,7.7
3219,Honda City i-VTEC V,Mumbai,2017,11000,Petrol,Manual,First,17.4,1497 ,117.3 ,5,12.57 ,8.5
3226,Nissan Micra XV D,Chennai,2012,93450,Diesel,Manual,Second,23.19,1461 ,63.12 ,5,9.48 ,2.5
3239,Maruti Dzire ZDI,Ahmedabad,2013,56454,Diesel,Manual,First,28.4,1248 ,73.75 ,5,8.95 ,4.65
3244,Jeep Compass 2.0 Limited Option 4X4,Kolkata,2017,15050,Diesel,Manual,First,16.3,1956 ,170 ,5,23.19 ,17.5
3254,Ford Freestyle Titanium Plus Petrol,Kolkata,2018,8896,Petrol,Manual,First,19.0,1194 ,94.68 ,5,8.24 ,7.34
3256,Honda Jazz V,Mumbai,2016,31378,Petrol,Manual,First,18.2,1199 ,88.7 ,5,8.71 ,5.9
3259,Audi Q3 30 TDI Premium FWD,Mumbai,2017,31000,Diesel,Automatic,First,18.51,1968 ,147.51 ,5,44.75 ,27
3266,Mercedes-Benz E-Class E400 Cabriolet,Kolkata,2015,7501,Petrol,Automatic,First,10.0,2996 ,333 ,4,87.57 ,48
3268,Mercedes-Benz GLE 350d,Coimbatore,2018,29277,Diesel,Automatic,First,11.57,2987 ,254.79 ,5,95.13 ,59.65
3273,Maruti Baleno Delta CVT,Coimbatore,2018,34630,Petrol,Automatic,First,21.4,1197 ,83.1 ,5,8.57 ,7.29
3277,Mini Cooper 3 DOOR D,Kochi,2016,32298,Diesel,Automatic,First,20.7,1496 ,113.98 ,4,35 ,23.8
3300,Ford Aspire Ambiente Diesel,Kolkata,2018,17000,Diesel,Manual,First,26.1,1498 ,99 ,5,7.56 ,5.65
3324,Mercedes-Benz CLA 200 CDI Sport,Kochi,2019,29836,Diesel,Automatic,First,17.9,2143 ,136 ,5,43.07 ,25.75
3334,Toyota Etios Liva 1.4 GD,Delhi,2013,84000,Diesel,Manual,First,23.59,1364 ,67.04 ,5,7.83 ,3.85
3358,Maruti Celerio VXI AMT,Chennai,2015,55000,Petrol,Automatic,First,23.1,998 ,67.04 ,5,6 ,3.5
3373,Honda City i-VTEC VX,Mumbai,2017,7500,Petrol,Manual,First,17.4,1497 ,117.3 ,5,13.76 ,11.15
3374,Renault Duster 110PS Diesel RxZ AMT,Jaipur,2016,68163,Diesel,Automatic,First,19.6,1461 ,108.45 ,5,14.11 ,8.9
3381,Maruti Vitara Brezza LDi,Kochi,2017,35384,Diesel,Manual,First,24.3,1248 ,88.5 ,5,9.12 ,8.61
3383,Ford EcoSport 1.5 Diesel Titanium,Coimbatore,2018,32189,Diesel,Manual,First,23.0,1498 ,98.96 ,5,11.2 ,9.25
3417,BMW 3 Series 320d,Mumbai,2010,67000,Diesel,Automatic,Second,22.69,1995 ,190 ,5,47.87 ,9.25
3425,Maruti Vitara Brezza ZDi Plus,Coimbatore,2018,52380,Diesel,Manual,First,24.3,1248 ,88.5 ,5,12.47 ,10.15
3430,Toyota Etios Liva 1.2 G,Chennai,2011,42000,Petrol,Manual,Second,17.71,1197 ,78.9 ,5,6.51 ,3.75
3448,Honda WRV i-VTEC VX,Ahmedabad,2017,32248,Petrol,Manual,First,17.5,1199 ,88.7 ,5,10.32 ,8.25
3451,Hyundai Grand i10 1.2 Kappa Asta,Bangalore,2014,61325,Petrol,Manual,First,18.9,1197 ,81.86 ,5,8.1 ,4.4
3465,Honda Amaze S Petrol,Jaipur,2014,69000,Petrol,Manual,First,19.5,1199 ,88.76 ,5,7.52 ,4.5
3471,Volkswagen Vento 1.5 TDI Highline AT,Hyderabad,2016,45492,Diesel,Automatic,First,21.5,1498 ,108.5 ,5,15.68 ,10.3
3480,Hyundai Grand i10 1.2 Kappa Sportz,Coimbatore,2014,33496,Petrol,Manual,First,18.9,1197 ,81.86 ,5,7.45 ,5.5
3500,BMW 5 Series 520d Luxury Line,Delhi,2013,65000,Diesel,Automatic,First,22.48,1995 ,190 ,5,67.87 ,21.26
3501,Toyota Corolla Altis 1.8 G,Bangalore,2016,16471,Petrol,Manual,Second,14.28,1798 ,138.03 ,5,20.48 ,11.5
3514,Honda City i-VTEC CVT VX,Pune,2018,4500,Petrol,Automatic,First,18.0,1497 ,117.3 ,5,15.17 ,12.5
3518,Renault Duster 110PS Diesel RxZ AMT,Coimbatore,2017,42646,Diesel,Automatic,First,19.6,1461 ,108.45 ,5,15.05 ,12.46
3524,Maruti Swift VDI,Jaipur,2015,63310,Diesel,Manual,First,28.4,1248 ,74 ,5,8.13 ,5.1
3537,Honda Jazz V,Hyderabad,2015,37000,Petrol,Manual,First,18.2,1199 ,88.7 ,5,8.79 ,6.3
3539,Nissan Terrano XL D Option,Hyderabad,2013,65280,Diesel,Manual,First,19.87,1461 ,83.14 ,5,14.72 ,5.8
3544,Jeep Compass 2.0 Limited Option 4X4,Jaipur,2017,45000,Diesel,Manual,First,16.3,1956 ,170 ,5,25.54 ,20
3550,Honda City i-DTEC ZX,Pune,2017,42000,Diesel,Manual,First,25.6,1498 ,98.6 ,5,16.84 ,12
3552,Hyundai Grand i10 1.2 CRDi Sportz,Chennai,2018,48000,Diesel,Manual,First,24.0,1186 ,73.97 ,5,8.28 ,5.95
3555,Toyota Innova Crysta 2.4 VX MT,Coimbatore,2019,33598,Diesel,Manual,First,13.68,2393 ,147.8 ,7,23.94 ,22.2
3567,Mercedes-Benz CLA 200 CDI Sport,Kochi,2019,13414,Diesel,Automatic,First,17.9,2143 ,136 ,5,43.07 ,30.77
3569,Mahindra KUV 100 G80 K8,Jaipur,2018,15900,Petrol,Manual,First,18.15,1198 ,82 ,6,7.88 ,6.25
3572,Audi A6 35 TDI Matrix,Coimbatore,2017,36824,Diesel,Automatic,First,18.53,1968 ,187.74 ,5,69.37 ,39.84
3578,Maruti Baleno Zeta CVT,Kolkata,2016,20000,Petrol,Automatic,First,21.4,1197 ,83.1 ,5,9.04 ,5.74
3581,BMW 3 Series Luxury Line,Ahmedabad,2016,27000,Diesel,Automatic,First,21.76,1995 ,190 ,5,55.07 ,35
3582,Maruti Dzire AMT ZDI Plus,Chennai,2017,19000,Diesel,Automatic,First,28.4,1248 ,73.75 ,5,10.97 ,8.9
3584,Jeep Compass 2.0 Longitude,Kochi,2018,42203,Diesel,Manual,First,17.1,1956 ,170 ,5,21.72 ,19.46
3587,Tata Nexon 1.5 Revotorq XZ Plus Dual Tone,Kolkata,2018,4900,Diesel,Manual,First,21.5,1497 ,108.5 ,5,11.47 ,9.22
3603,Renault KWID RXT Optional,Pune,2018,5000,Petrol,Manual,First,25.17,799 ,53.3 ,5,4.9 ,3.5
3640,Toyota Fortuner 2.8 4WD MT,Kochi,2011,169006,Diesel,Manual,First,14.24,2755 ,174.5 ,7,36.69 ,10.64
3648,Honda Jazz V CVT,Mumbai,2017,17978,Petrol,Automatic,First,19.0,1199 ,88.7 ,5,10.1 ,6.95
3651,Maruti S-Cross Alpha DDiS 200 SH,Kolkata,2016,45296,Diesel,Manual,First,25.1,1248 ,88.5 ,5,12.53 ,6.99
3662,Tata Hexa XT,Pune,2017,39800,Diesel,Manual,First,17.6,2179 ,153.86 ,7,20.87 ,14.25
3674,Maruti Eeco 7 Seater Standard,Coimbatore,2016,42225,Petrol,Manual,First,15.1,1196 ,73 ,7,4.98 ,4.3
3682,Maruti Ignis 1.2 Delta,Kochi,2019,12076,Petrol,Manual,First,20.89,1197 ,81.80 ,5,5.9 ,5.5
3687,Volkswagen Polo GT TSI,Coimbatore,2017,50534,Petrol,Automatic,First,17.21,1197 ,103.5 ,5,11.66 ,8.27
3697,BMW 5 Series 520d Luxury Line,Ahmedabad,2010,46000,Diesel,Automatic,First,22.48,1995 ,190 ,5,63.71 ,16.5
3705,Mercedes-Benz GLC 220d 4MATIC Style,Coimbatore,2019,29311,Diesel,Automatic,First,17.9,2143 ,170 ,5,64.57 ,50.97
3706,BMW 3 Series Luxury Line,Mumbai,2016,31000,Diesel,Automatic,First,21.76,1995 ,190 ,5,60.88 ,29.95
3719,Ford EcoSport 1.5 Petrol Titanium Plus AT,Pune,2017,14000,Petrol,Automatic,First,14.8,1497 ,121.36 ,5,13.23 ,9.99
3726,Maruti Vitara Brezza ZDi Plus Dual Tone,Ahmedabad,2017,33000,Diesel,Manual,First,24.3,1248 ,88.5 ,5,11.06 ,9.25
3731,Nissan Terrano XV D Pre,Mumbai,2013,60000,Diesel,Manual,Second,19.64,1461 ,108.5 ,5,17.21 ,5.45
3732,Maruti Celerio ZXI AMT,Coimbatore,2017,35225,Petrol,Automatic,First,23.1,998 ,67.04 ,5,6.56 ,5.25
3735,BMW 3 Series 320d,Hyderabad,2010,80000,Diesel,Automatic,First,22.69,1995 ,190 ,5,47.2 ,14.2
3738,Hyundai Grand i10 1.2 Kappa Sportz,Coimbatore,2016,29091,Petrol,Manual,First,18.9,1197 ,81.86 ,5,6.82 ,4.87
3745,Maruti Vitara Brezza ZDi Plus Dual Tone,Coimbatore,2017,26927,Diesel,Manual,First,24.3,1248 ,88.5 ,5,12.56 ,11.39
3747,Maruti Vitara Brezza ZDi,Delhi,2016,35299,Diesel,Manual,First,24.3,1248 ,88.5 ,5,10.14 ,8
3752,Land Rover Range Rover Sport HSE,Kochi,2015,38467,Diesel,Automatic,First,12.65,2993 ,255 ,5,1.,70.66
3759,Maruti Alto K10 VXI,Mumbai,2017,12000,Petrol,Manual,First,24.07,998 ,67.1 ,5,4.82 ,3.25
3774,Maruti Ciaz Zeta,Kochi,2018,10575,Petrol,Manual,First,21.56,1462 ,103.25 ,5,11.11 ,9.18
3777,Maruti Wagon R VXI 1.2,Kochi,2015,49818,Petrol,Manual,First,21.5,1197 ,81.80 ,5,5.44 ,4.11
3784,Toyota Innova Crysta 2.8 ZX AT,Kochi,2017,26023,Diesel,Automatic,First,11.36,2755 ,171.5 ,7,26.55 ,19.97
3786,Maruti Swift VDI,Pune,2014,115000,Diesel,Manual,First,28.4,1248 ,74 ,5,8.26 ,4.5
3793,Tata Zest Quadrajet 1.3 XT,Bangalore,2017,27768,Diesel,Manual,First,20.65,1248 ,88.7 ,5,10.06 ,5.85
3820,Maruti Alto K10 VXI,Chennai,2011,28300,Petrol,Manual,First,24.07,998 ,67.1 ,5,4.5 ,2.15
3836,Audi A6 35 TFSI Matrix,Delhi,2018,22000,Petrol,Automatic,First,15.26,1798 ,187.74 ,5,56.97 ,41.5
3838,Maruti Vitara Brezza ZDi Plus Dual Tone,Coimbatore,2018,28741,Diesel,Manual,First,24.3,1248 ,88.5 ,5,12.56 ,11
3841,Hyundai Verna VTVT 1.6 SX,Kolkata,2018,5000,Petrol,Manual,First,17.0,1591 ,121.3 ,5,11.19 ,8.7
3842,Maruti Ertiga ZDI Plus,Hyderabad,2016,42000,Diesel,Manual,First,25.47,1248 ,88.50 ,7,13.33 ,9.9
3845,Hyundai Verna VTVT 1.6 SX,Kochi,2012,32542,Petrol,Manual,First,17.0,1591 ,121.3 ,5,11.67 ,5.77
3852,BMW 3 Series 320d,Kochi,2012,55598,Diesel,Automatic,First,22.69,1995 ,190 ,5,47.87 ,11.5
3889,Maruti Dzire VDI,Jaipur,2013,77084,Diesel,Manual,First,28.4,1248 ,73.75 ,5,8.75 ,4.95
3907,Toyota Innova Crysta 2.8 GX AT 8S,Chennai,2016,40000,Diesel,Automatic,First,11.36,2755 ,171.5 ,8,21.1 ,16.45
3910,Maruti Baleno Alpha Diesel,Mumbai,2018,2000,Diesel,Manual,First,27.39,1248 ,74 ,5,10.28 ,8.7
3911,Skoda Superb Style 1.8 TSI AT,Mumbai,2016,14500,Petrol,Automatic,First,14.67,1798 ,177.46 ,5,33.36 ,20.75
3927,Maruti Ciaz Alpha,Mumbai,2017,19416,Petrol,Manual,First,21.56,1462 ,103.25 ,5,11.56 ,8.25
3935,Toyota Innova Crysta 2.8 ZX AT,Pune,2016,50296,Diesel,Automatic,Second,11.36,2755 ,171.5 ,7,27.07 ,19
3943,Jeep Compass 2.0 Longitude,Kochi,2018,26101,Diesel,Manual,First,17.1,1956 ,170 ,5,21.38 ,17.55
3944,Maruti Alto K10 LXI Optional,Pune,2016,7000,Petrol,Manual,First,24.07,998 ,67.1 ,5,4.36 ,3
3953,Honda Jazz Exclusive CVT,Mumbai,2018,3000,Petrol,Automatic,First,19.0,1199 ,88.7 ,5,10.81 ,8.25
3964,Nissan Sunny XE P,Coimbatore,2012,50297,Petrol,Manual,First,16.95,1498 ,97.6 ,5,8.55 ,4.69
4022,Toyota Corolla Altis 1.8 GL,Chennai,2009,32000,Petrol,Manual,Second,14.28,1798 ,138.03 ,5,22.66 ,4.95
4026,Maruti Alto K10 VXI,Jaipur,2016,51264,Petrol,Manual,First,24.07,998 ,67.1 ,5,4.24 ,3.2
4028,Mercedes-Benz CLA 200 CGI Sport,Delhi,2016,40000,Petrol,Automatic,First,15.04,1991 ,183 ,5,41.02 ,24.5
4034,Hyundai Creta 1.6 SX Automatic Diesel,Kolkata,2018,14000,Diesel,Automatic,First,17.6,1582 ,126.2 ,5,17 ,11.25
4061,Audi RS5 Coupe,Mumbai,2013,23312,Petrol,Automatic,First,11.05,2894 ,444 ,4,1.2,40.5
4069,BMW 5 Series 520d Luxury Line,Coimbatore,2014,60280,Diesel,Automatic,First,22.48,1995 ,190 ,5,63.71 ,22.45
4079,Land Rover Range Rover 3.0 Diesel LWB Vogue,Hyderabad,2017,25000,Diesel,Automatic,First,13.33,2993 ,255 ,5,2.,160
4083,Maruti Baleno RS Petrol,Coimbatore,2018,26731,Petrol,Manual,First,21.1,998 ,100 ,5,10.89 ,8.61
4096,Toyota Camry Hybrid 2.5,Coimbatore,2017,23249,Petrol,Automatic,First,19.16,2487 ,175.67 ,5,40.62 ,26.11
4099,Hyundai Grand i10 1.2 Kappa Asta,Delhi,2018,10000,Petrol,Manual,First,18.9,1197 ,81.86 ,5,7.54 ,6.5
4104,Skoda Superb Style 1.8 TSI AT,Coimbatore,2016,54253,Petrol,Automatic,First,14.67,1798 ,177.46 ,5,30.19 ,16.81
4119,Maruti Wagon R VXI,Pune,2014,38958,Petrol,Manual,First,22.5,998 ,67.04 ,5,5.56 ,3.41
4125,Datsun redi-GO S,Chennai,2016,26239,Petrol,Manual,First,22.7,799 ,53 ,5,4.43 ,2.75
4131,Toyota Fortuner 2.8 2WD MT,Coimbatore,2019,56251,Diesel,Manual,First,14.24,2755 ,174.5 ,7,37.17 ,35.82
4134,Honda BR-V i-VTEC S MT,Bangalore,2016,34004,Petrol,Manual,First,15.4,1497 ,117.3 ,7,12.9 ,8.02
4147,Maruti Dzire VDI,Kochi,2017,54758,Diesel,Manual,First,28.4,1248 ,73.75 ,5,8.58 ,6.67
4163,Toyota Innova Crysta 2.8 ZX AT,Bangalore,2017,53841,Diesel,Automatic,First,11.36,2755 ,171.5 ,7,28.05 ,20.5
4164,Hyundai Creta 1.6 SX Option,Kochi,2017,47183,Petrol,Manual,Second,15.8,1591 ,121.3 ,5,15.86 ,11.31
4169,Datsun redi-GO T Option,Kochi,2018,6279,Petrol,Manual,First,22.7,799 ,53.64 ,5,4.05 ,3.6
4180,Hyundai Creta 1.6 SX Option Diesel,Coimbatore,2017,101065,Diesel,Manual,First,20.5,1582 ,126.2 ,5,19.18 ,11.45
4181,Maruti Baleno Delta,Kochi,2017,15134,Petrol,Manual,First,21.4,1197 ,83.1 ,5,7.36 ,6.37
4188,Maruti Ertiga VDI,Chennai,2016,86000,Diesel,Manual,Second,25.47,1248 ,88.50 ,7,10.99 ,8.2
4205,Honda City i-DTEC SV,Kolkata,2015,39000,Diesel,Manual,First,25.6,1498 ,98.6 ,5,12.23 ,5.49
4208,Volkswagen Vento 1.6 Highline,Jaipur,2016,33000,Petrol,Manual,First,16.09,1598 ,103.5 ,5,11.63 ,7.7
4220,Hyundai Verna VTVT 1.6 SX,Bangalore,2014,46676,Petrol,Manual,First,17.0,1591 ,121.3 ,5,12.27 ,7.75
4221,Maruti Alto K10 LXI,Kochi,2014,51349,Petrol,Manual,First,24.07,998 ,67.1 ,5,3.91 ,2.93
4233,Audi Q3 30 TDI Premium FWD,Coimbatore,2018,22060,Diesel,Automatic,First,18.51,1968 ,147.51 ,5,44.8 ,32.73
4236,Audi A4 35 TDI Premium Plus,Kochi,2015,13506,Diesel,Automatic,First,18.25,1968 ,187.74 ,5,50.4 ,21.66
4237,Renault KWID RXT Optional,Mumbai,2016,16000,Petrol,Manual,First,25.17,799 ,53.3 ,5,4.78 ,2.99
4253,Honda Amaze S Petrol,Kolkata,2013,32576,Petrol,Manual,First,19.5,1199 ,88.76 ,5,7.36 ,3.15
4265,Datsun redi-GO T Option,Coimbatore,2017,27509,Petrol,Manual,First,22.7,799 ,53.64 ,5,4.04 ,3.31
4273,Skoda Superb Style 1.8 TSI AT,Mumbai,2016,53000,Petrol,Automatic,First,14.67,1798 ,177.46 ,5,33.36 ,17.85
4284,Toyota Innova Crysta 2.8 ZX AT,Delhi,2016,42000,Diesel,Automatic,First,11.36,2755 ,171.5 ,7,26.55 ,19.6
4300,Maruti Wagon R VXI AMT,Mumbai,2018,1997,Petrol,Automatic,First,22.5,998 ,67 ,5,6.14 ,4.45
4301,Maruti Vitara Brezza ZDi Plus Dual Tone,Pune,2016,47300,Diesel,Manual,First,24.3,1248 ,88.5 ,5,11.96 ,8.85
4308,Maruti Ertiga VDI,Coimbatore,2014,53817,Diesel,Manual,First,25.47,1248 ,88.50 ,7,11.44 ,7.56
4318,Toyota Innova Crysta 2.8 ZX AT,Ahmedabad,2016,42388,Diesel,Automatic,First,11.36,2755 ,171.5 ,7,24.63 ,18
4327,BMW X1 xDrive 20d M Sport,Kolkata,2017,27001,Diesel,Automatic,First,20.68,1995 ,190 ,5,50.26 ,29
4334,Hyundai Grand i10 1.2 Kappa Sportz,Coimbatore,2017,38712,Petrol,Manual,First,18.9,1197 ,81.86 ,5,7.45 ,5.87
4346,Maruti Swift ZXI Plus,Ahmedabad,2018,2000,Petrol,Manual,First,22.0,1197 ,81.80 ,5,8.16 ,7.75
4350,Toyota Innova Crysta 2.4 VX MT 8S,Coimbatore,2019,31271,Diesel,Manual,First,13.68,2393 ,147.8 ,8,24.01 ,21.42
4361,Skoda Rapid 1.5 TDI Ambition,Mumbai,2012,54500,Diesel,Manual,First,21.13,1498 ,108.4 ,5,13.72 ,4.1
4373,Toyota Innova Crysta 2.4 ZX MT,Ahmedabad,2016,54000,Diesel,Manual,First,13.68,2393 ,147.8 ,7,23.14 ,16.5
4401,Tata Tiago 1.2 Revotron XZ WO Alloy,Hyderabad,2017,16500,Petrol,Manual,First,23.84,1199 ,84 ,5,6.29 ,5
4403,Honda Amaze V Petrol,Jaipur,2018,6000,Petrol,Manual,First,19.5,1199 ,86.76 ,5,8.18 ,6.7
4408,Maruti Wagon R LXI,Mumbai,2010,12000,Petrol,Manual,First,22.5,998 ,67.04 ,5,5.04 ,2.45
4444,Hyundai Grand i10 1.2 Kappa Magna,Kolkata,2018,4500,Petrol,Manual,First,18.9,1197 ,81.86 ,5,6.4 ,4.8
4447,Hyundai Grand i10 1.2 Kappa Asta,Kochi,2017,51223,Petrol,Manual,First,18.9,1197 ,81.86 ,5,7.48 ,5.66
4451,Ford Mustang V8,Kochi,2018,21290,Petrol,Automatic,First,13.0,4951 ,395 ,4,83.92 ,56.8
4452,Toyota Innova Crysta 2.8 GX AT,Kochi,2019,14076,Diesel,Automatic,First,11.36,2755 ,171.5 ,7,20.74 ,19.4
4463,Hyundai Grand i10 1.2 Kappa Asta,Hyderabad,2017,22500,Petrol,Manual,First,18.9,1197 ,81.86 ,5,7.82 ,5.99
4470,Honda Amaze S Diesel,Kolkata,2013,46500,Diesel,Manual,First,27.4,1498 ,98.6 ,5,8.54 ,3.3
4472,Maruti Wagon R VXI,Jaipur,2017,39867,Petrol,Manual,First,22.5,998 ,67.04 ,5,5.44 ,4.5
4481,Skoda Superb Style 2.0 TDI AT,Mumbai,2015,19000,Diesel,Automatic,First,18.19,1968 ,174.5 ,5,36.94 ,15.5
4485,Volkswagen Vento 1.5 TDI Comfortline,Kolkata,2012,34000,Diesel,Manual,First,20.64,1498 ,108.5 ,5,11.16 ,3.4
4487,Hyundai Verna VTVT 1.6 SX Option,Kochi,2016,52378,Petrol,Manual,First,17.0,1591 ,121.3 ,5,13.6 ,7.97
4495,Maruti Dzire AMT ZDI Plus,Kochi,2018,64035,Diesel,Automatic,First,28.4,1248 ,73.75 ,5,10.7 ,8.55
4516,Maruti Eeco 7 Seater Standard,Chennai,2016,55000,Petrol,Manual,First,15.1,1196 ,73 ,7,4.87 ,3.75
4523,Mitsubishi Pajero Sport 4X4,Coimbatore,2015,53497,Diesel,Manual,First,13.5,2477 ,175.56 ,7,34.6 ,16.42
4527,Mercedes-Benz GLE 350d,Chennai,2016,29000,Diesel,Automatic,First,11.57,2987 ,254.79 ,5,92.79 ,65
4532,Maruti Wagon R VXI AMT,Kolkata,2017,17000,Petrol,Automatic,First,22.5,998 ,67 ,5,5.8 ,3.95
4541,BMW 3 Series 320d,Mumbai,2011,51000,Diesel,Automatic,First,22.69,1995 ,190 ,5,47.87 ,10.5
4551,BMW 5 Series 520d Luxury Line,Coimbatore,2011,51602,Diesel,Automatic,First,22.48,1995 ,190 ,5,63.71 ,17.27
4554,BMW 3 Series Luxury Line,Pune,2016,70000,Diesel,Automatic,Second,21.76,1995 ,190 ,5,62.11 ,27
4560,Honda Jazz V,Kochi,2017,36973,Petrol,Manual,First,18.2,1199 ,88.7 ,5,8.71 ,6.8
4563,Maruti Wagon R VXI,Mumbai,2014,43628,Petrol,Manual,First,22.5,998 ,67.04 ,5,5.61 ,3.16
4570,Maruti Vitara Brezza ZDi Plus AMT Dual Tone,Chennai,2018,3300,Diesel,Automatic,First,24.3,1248 ,88.5 ,5,12.88 ,11.5
4571,Maruti Alto K10 LXI,Delhi,2016,35027,Petrol,Manual,First,24.07,998 ,67.1 ,5,3.91 ,3
4590,Maruti Vitara Brezza ZDi,Bangalore,2017,45000,Diesel,Manual,First,24.3,1248 ,88.5 ,5,11 ,9.75
4601,BMW X1 sDrive 20d xLine,Coimbatore,2019,15456,Diesel,Automatic,First,20.68,1995 ,190 ,5,48.18 ,36.64
4612,Hyundai Grand i10 1.2 CRDi Asta,Kochi,2015,81828,Diesel,Manual,First,24.0,1186 ,73.97 ,5,8.68 ,5.43
4633,Renault KWID 1.0 RXT Optional,Jaipur,2016,26000,Petrol,Manual,First,21.7,999 ,67 ,5,4.78 ,3
4649,Honda WRV i-VTEC VX,Hyderabad,2017,15000,Petrol,Manual,First,17.5,1199 ,88.7 ,5,10.83 ,8.9
4652,Volkswagen Vento 1.6 Comfortline,Kochi,2012,60818,Petrol,Manual,First,16.09,1598 ,103.5 ,5,11.05 ,3.59
4680,Maruti Ertiga VDI,Pune,2016,54161,Diesel,Manual,First,25.47,1248 ,88.50 ,7,11.27 ,7.64
4685,Volkswagen Vento 1.6 Comfortline,Kochi,2018,20488,Petrol,Manual,Second,16.09,1598 ,103.5 ,5,11.48 ,7.64
4689,Toyota Fortuner 2.8 2WD MT,Coimbatore,2017,72668,Diesel,Manual,First,14.24,2755 ,174.5 ,7,37.17 ,28.85
4695,Toyota Etios Cross 1.4L VD,Bangalore,2014,57464,Diesel,Manual,First,23.59,1364 ,67.06 ,5,9.99 ,5.75
4706,Toyota Innova Crysta 2.8 ZX AT,Chennai,2016,80000,Diesel,Automatic,First,11.36,2755 ,171.5 ,7,26.95 ,19.5
4724,Hyundai Xcent 1.2 VTVT E,Pune,2018,40000,Petrol,Manual,First,20.14,1197 ,81.86 ,5,6.71 ,5
4728,Hyundai Verna VTVT 1.6 SX Option,Kochi,2019,12336,Petrol,Manual,First,17.0,1591 ,121.3 ,5,13.6 ,11.88
4731,Nissan Micra Active XV,Pune,2018,24000,Petrol,Manual,First,19.69,1198 ,67.04 ,5,6.99 ,4
4734,Volkswagen Vento 1.5 TDI Highline,Chennai,2011,121311,Diesel,Manual,First,20.64,1498 ,108.5 ,5,14.32 ,2.9
4748,Tata Tiago 1.2 Revotron XT Option,Coimbatore,2019,16698,Petrol,Manual,First,23.84,1199 ,84 ,5,6.21 ,5.85
4755,Land Rover Range Rover Evoque 2.0 TD4 HSE Dynamic,Hyderabad,2016,52000,Diesel,Automatic,First,15.68,1999 ,177 ,5,74.49 ,42
4773,Hyundai Elite i20 Sportz Plus,Kochi,2017,37460,Petrol,Manual,First,18.6,1197 ,81.86 ,5,8.03 ,6.28
4778,Mercedes-Benz S-Class S 350 d,Bangalore,2011,47140,Diesel,Automatic,Second,13.5,2925 ,281.61 ,5,1.7,30
4780,Hyundai Creta 1.6 SX Option Diesel,Bangalore,2016,93000,Diesel,Manual,First,20.5,1582 ,126.2 ,5,19.18 ,10.8
4788,Volvo V40 D3 R Design,Hyderabad,2015,38000,Diesel,Automatic,Second,16.8,1969 ,150 ,5,37.9 ,24
4795,BMW 3 Series Luxury Line,Kochi,2018,21936,Diesel,Automatic,First,21.76,1995 ,190 ,5,58.67 ,37.92
4807,Skoda Superb Style 1.8 TSI AT,Delhi,2013,80000,Petrol,Automatic,Second,14.67,1798 ,177.46 ,5,32.54 ,7.25
4811,Mahindra Thar CRDe,Coimbatore,2017,28599,Diesel,Manual,First,16.55,2498 ,105 ,6,11.71 ,9.66
4819,Datsun redi-GO T,Kolkata,2016,15000,Petrol,Manual,First,22.7,799 ,53.64 ,5,3.98 ,2.25
4826,Maruti Alto K10 VXI,Kochi,2015,23876,Petrol,Manual,First,24.07,998 ,67.1 ,5,4.09 ,3.46
4841,BMW 3 Series 320d,Hyderabad,2011,89000,Diesel,Automatic,First,22.69,1995 ,190 ,5,47.2 ,13.95
4844,Maruti Wagon R VXI 1.2,Kolkata,2014,37000,Petrol,Manual,First,21.5,1197 ,81.80 ,5,5.56 ,2.8
4858,Audi A4 35 TDI Technology,Hyderabad,2017,14000,Diesel,Automatic,First,18.25,1968 ,187.74 ,5,55.61 ,43
4863,Hyundai Santro D Lite,Chennai,2001,140000,Petrol,Manual,Third,20.3,1086 ,68 ,5,4.55 ,0.7
4873,Maruti Baleno Alpha,Chennai,2016,16000,Petrol,Manual,First,21.4,1197 ,83.1 ,5,8.8 ,6.95
4877,Tata Nexon 1.2 Revotron XZ Plus,Coimbatore,2018,17477,Petrol,Manual,First,17.0,1198 ,108.5 ,5,11.13 ,9.62
4880,Maruti Wagon R LXI,Kochi,2014,52431,Petrol,Manual,First,22.5,998 ,67.04 ,5,4.59 ,3.01
4887,Maruti Vitara Brezza ZDi Plus,Kochi,2018,57078,Diesel,Manual,First,24.3,1248 ,88.5 ,5,11.58 ,10.19
4894,Maruti Baleno Alpha Diesel,Hyderabad,2017,24000,Diesel,Manual,First,27.39,1248 ,74 ,5,10.63 ,8.4
4902,Maruti Baleno Alpha CVT,Mumbai,2018,3000,Petrol,Automatic,First,21.4,1197 ,83.1 ,5,10.3 ,8.85
4907,Honda City i-VTEC VX,Ahmedabad,2017,29000,Petrol,Manual,First,17.4,1497 ,117.3 ,5,12.68 ,10
4914,Mercedes-Benz GLC 220d 4MATIC Style,Mumbai,2017,24000,Diesel,Automatic,First,17.9,2143 ,170 ,5,59.77 ,46.95
4926,Hyundai Creta 1.6 SX Option Executive,Coimbatore,2018,44383,Petrol,Manual,First,15.8,1591 ,121.3 ,5,17.7 ,13.25
4929,Hyundai Creta 1.6 SX,Delhi,2016,69000,Petrol,Manual,First,15.8,1591 ,121.3 ,5,14.23 ,9.7
4934,Maruti Dzire AMT VDI,Coimbatore,2018,25082,Diesel,Automatic,First,28.4,1248 ,73.75 ,5,9.62 ,8.37
4942,Audi A4 35 TDI Premium Plus,Coimbatore,2014,28469,Diesel,Automatic,First,18.25,1968 ,187.74 ,5,53.14 ,24.37
4950,Ford Aspire Titanium Diesel,Kolkata,2017,60048,Diesel,Manual,First,26.1,1498 ,99 ,5,8.91 ,6
4961,Maruti Dzire AMT ZXI Plus,Coimbatore,2019,8018,Petrol,Automatic,First,22.0,1197 ,81.80 ,5,10.26 ,8.3
4968,Tata Tiago AMT 1.2 Revotron XZA,Pune,2018,2000,Petrol,Automatic,First,23.84,1199 ,83.83 ,5,6.94 ,5
4973,Hyundai Verna CRDi 1.6 SX Option,Hyderabad,2008,109606,Diesel,Manual,First,22.0,1582 ,126.2 ,5,15.59 ,2.9
4978,Honda Amaze V CVT Petrol,Kochi,2019,25717,Petrol,Automatic,First,19.0,1199 ,88.76 ,5,9.47 ,8.86
4981,Honda Jazz VX,Chennai,2017,8000,Petrol,Manual,First,18.2,1199 ,88.7 ,5,9.1 ,7.9
4984,Hyundai Creta 1.6 SX Option Diesel,Coimbatore,2019,24864,Diesel,Manual,First,20.5,1582 ,126.2 ,5,19.18 ,16.27
4988,BMW 5 Series 530d M Sport,Hyderabad,2016,27000,Diesel,Automatic,First,18.59,2993 ,265 ,5,78.31 ,48
4989,Audi A3 35 TDI Premium Plus,Mumbai,2016,39000,Diesel,Automatic,First,20.38,1968 ,143 ,5,42.89 ,18.9
4998,Volkswagen Polo 1.5 TDI Comfortline,Jaipur,2015,66000,Diesel,Manual,First,20.14,1498 ,88 ,5,9.56 ,4.91
5002,BMW X3 xDrive 20d xLine,Kochi,2017,36723,Diesel,Automatic,First,18.56,1995 ,190 ,5,64.76 ,32.57
5009,Audi Q7 45 TDI Quattro Technology,Pune,2017,59500,Diesel,Automatic,First,14.75,2967 ,245 ,7,99.92 ,68
5018,Honda Jazz VX Diesel,Hyderabad,2017,17151,Diesel,Manual,First,27.3,1498 ,98.6 ,5,11.05 ,8.4
5030,Maruti Vitara Brezza LDi,Kochi,2018,32539,Diesel,Manual,First,24.3,1248 ,88.5 ,5,8.63 ,8.39
5038,Land Rover Discovery Sport TD4 HSE 7S,Coimbatore,2019,24013,Diesel,Automatic,First,12.81,1999 ,148.31 ,7,69.22 ,56.14
5049,Jeep Compass 2.0 Sport,Kolkata,2017,27000,Diesel,Manual,First,17.1,1956 ,170 ,5,18.45 ,15
5059,Maruti Vitara Brezza ZDi,Coimbatore,2017,58829,Diesel,Manual,First,24.3,1248 ,88.5 ,5,9.89 ,9.05
5062,Maruti Celerio LXI MT,Kolkata,2018,30000,Petrol,Manual,First,23.1,998 ,67.04 ,5,4.87 ,3.75
5078,Maruti Vitara Brezza ZDi,Coimbatore,2017,21789,Diesel,Manual,First,24.3,1248 ,88.5 ,5,11 ,9.88
5079,Hyundai Elite i20 Asta Option,Coimbatore,2019,21134,Petrol,Manual,First,18.6,1197 ,81.86 ,5,9.78 ,8.78
5086,Maruti Dzire VDI,Hyderabad,2013,68434,Diesel,Manual,First,28.4,1248 ,73.75 ,5,9.14 ,5.5
5087,Maruti Alto K10 VXI,Pune,2014,17000,Petrol,Manual,First,24.07,998 ,67.1 ,5,4.48 ,2.1
5090,Hyundai Verna CRDi 1.6 SX Option,Mumbai,2013,79225,Diesel,Manual,First,22.0,1582 ,126.2 ,5,15.57 ,5.5
5102,Maruti Wagon R VXI,Kochi,2019,31817,Petrol,Manual,First,22.5,998 ,67.04 ,5,5.12 ,5.34
5107,Mercedes-Benz GLE 250d,Hyderabad,2016,50000,Diesel,Automatic,First,17.9,2143 ,201.15 ,5,79.43 ,49
5111,Tata Zest Quadrajet 1.3 75PS XE,Kolkata,2017,45000,Diesel,Manual,First,22.95,1248 ,74 ,5,7.94 ,3.75
5118,Mercedes-Benz GLE 350d,Bangalore,2016,28541,Diesel,Automatic,First,11.57,2987 ,254.79 ,5,95.13 ,60.75
5127,Nissan Micra XV CVT,Kolkata,2011,44000,Petrol,Automatic,First,19.15,1198 ,75.94 ,5,8.73 ,2.65
5133,Tata Zest Revotron 1.2 XT,Coimbatore,2015,27000,Petrol,Manual,First,17.57,1193 ,88.7 ,5,8.69 ,5.27
5135,Honda Jazz VX Diesel,Chennai,2016,14980,Diesel,Manual,First,27.3,1498 ,98.6 ,5,10.81 ,7.4
5166,Mercedes-Benz CLA 200 CDI Sport,Jaipur,2017,39000,Diesel,Automatic,First,17.9,2143 ,136 ,5,42.4 ,27
5172,Toyota Corolla Altis 1.8 GL,Coimbatore,2015,53920,Petrol,Manual,First,14.28,1798 ,138.03 ,5,23.37 ,10.77
5175,BMW 5 Series 530d M Sport,Chennai,2010,58000,Diesel,Automatic,First,18.59,2993 ,265 ,5,79.78 ,11.75
5181,Tata Zest Revotron 1.2T XM,Kochi,2015,39208,Petrol,Manual,First,17.57,1193 ,88.7 ,5,7.63 ,4.52
5183,Honda City i-VTEC VX,Coimbatore,2013,38622,Petrol,Manual,First,17.4,1497 ,117.3 ,5,12.68 ,6.26
5188,Hyundai Verna CRDi 1.6 AT SX Plus,Bangalore,2012,79000,Diesel,Automatic,First,22.0,1582 ,126.2 ,5,16.6 ,5.25
5200,Renault KWID Climber 1.0 AMT,Coimbatore,2018,38171,Petrol,Automatic,Second,22.5,999 ,67 ,5,5.72 ,4.99
5207,Renault KWID 1.0 RXT Optional AMT,Kochi,2017,53105,Petrol,Automatic,First,22.5,999 ,67 ,5,4.93 ,4.41
5211,Mahindra Bolero ZLX,Coimbatore,2017,68557,Diesel,Manual,First,15.96,2523 ,62.1 ,7,11.28 ,8.14
5212,Volkswagen Vento 1.5 TDI Highline,Hyderabad,2016,34000,Diesel,Manual,First,20.64,1498 ,108.5 ,5,14.2 ,8.45
5229,BMW 3 Series 320d,Bangalore,2012,73000,Diesel,Automatic,First,22.69,1995 ,190 ,5,48.79 ,12.5
5230,Ford EcoSport 1.5 Diesel Trend,Kochi,2017,63423,Diesel,Manual,First,23.0,1498 ,98.96 ,5,10.42 ,7.69
5237,Hyundai Creta 1.6 SX Option,Kochi,2018,53322,Petrol,Manual,First,15.8,1591 ,121.3 ,5,16.06 ,12.13
5241,Ford EcoSport 1.5 Petrol Titanium,Hyderabad,2017,21800,Petrol,Manual,First,17.0,1497 ,121.36 ,5,11.27 ,8.75
5249,Ford Freestyle Titanium Plus Petrol,Jaipur,2018,1001,Petrol,Manual,First,19.0,1194 ,94.68 ,5,8.44 ,7.23
5254,Hyundai Elantra 1.6 SX,Pune,2013,170000,Diesel,Manual,First,22.54,1582 ,126.2 ,5,20.87 ,7.5
5256,Maruti Vitara Brezza ZDi Plus Dual Tone,Pune,2016,85000,Diesel,Manual,First,24.3,1248 ,88.5 ,5,11.96 ,8.9
5260,Toyota Etios Cross 1.4L VD,Jaipur,2014,62322,Diesel,Manual,First,23.59,1364 ,67.06 ,5,9.55 ,4.9
5261,Maruti Alto K10 VXI,Kochi,2015,37929,Petrol,Manual,First,24.07,998 ,67.1 ,5,4.09 ,3.69
5262,Tata Tiago 1.2 Revotron XM Option,Chennai,2016,5400,Petrol,Manual,First,23.84,1199 ,84 ,5,5.45 ,3.98
5266,Volkswagen Ameo 1.2 MPI Highline,Kochi,2017,14576,Petrol,Manual,First,17.0,1198 ,73.75 ,5,8.38 ,6.69
5267,Honda BRV i-VTEC V CVT,Mumbai,2017,17000,Petrol,Automatic,First,16.0,1497 ,117.3 ,7,15.02 ,9.5
5271,Maruti Celerio ZXI Optional AMT,Kochi,2018,12278,Petrol,Automatic,First,23.1,998 ,67.04 ,5,5.95 ,5.63
5272,Hyundai Creta 1.6 SX,Coimbatore,2018,17665,Petrol,Manual,First,15.8,1591 ,121.3 ,5,15.36 ,11.78
5279,Tata Zest Revotron 1.2T XE,Kolkata,2017,65000,Petrol,Manual,First,17.57,1193 ,88.7 ,5,6.59 ,4.8
5280,Volkswagen Vento 1.6 Comfortline,Kolkata,2014,38000,Petrol,Manual,First,16.09,1598 ,103.5 ,5,10.94 ,3.49
5290,Volkswagen Polo 1.5 TDI Highline,Hyderabad,2016,29647,Diesel,Manual,First,20.14,1498 ,88 ,5,10.15 ,6.3
5291,Maruti Baleno RS Petrol,Kochi,2018,43639,Petrol,Manual,First,21.1,998 ,100 ,5,9.83 ,8.15
5304,BMW 3 Series Luxury Line,Bangalore,2017,21000,Diesel,Automatic,First,21.76,1995 ,190 ,5,62.07 ,35
5308,Maruti Dzire VXI,Pune,2013,74000,Petrol,Manual,First,22.0,1197 ,81.80 ,5,7.67 ,4.5
5310,Volkswagen Polo 1.5 TDI Highline,Chennai,2017,25000,Diesel,Manual,First,20.14,1498 ,88 ,5,9.97 ,6.9
5313,Audi A6 35 TDI Matrix,Chennai,2015,20000,Diesel,Automatic,First,18.53,1968 ,187.74 ,5,67.67 ,35.5
5314,Hyundai Grand i10 1.2 CRDi Sportz,Kochi,2018,32663,Diesel,Manual,First,24.0,1186 ,73.97 ,5,8.18 ,6.28
5316,Tata Bolt Quadrajet XE,Hyderabad,2016,100303,Diesel,Manual,First,22.95,1248 ,74 ,5,7.43 ,3.7
5321,Maruti Eeco 7 Seater Standard,Mumbai,2014,34670,Petrol,Manual,First,15.1,1196 ,73 ,7,4.71 ,2.9
5324,Hyundai Grand i10 1.2 CRDi Sportz,Delhi,2015,59261,Diesel,Manual,First,24.0,1186 ,73.97 ,5,8.18 ,4.25
5328,BMW 3 Series 320d Luxury Line,Hyderabad,2015,47000,Diesel,Automatic,First,22.69,1995 ,190 ,5,53.68 ,29.5
5331,Ford Ecosport Signature Edition Diesel,Ahmedabad,2018,13000,Diesel,Manual,First,23.0,1498 ,98.96 ,5,12.12 ,10.9
5332,Maruti Celerio ZXI MT,Bangalore,2015,48808,Petrol,Manual,First,23.1,998 ,67.04 ,5,6.05 ,4.3
5339,Hyundai i20 Active SX Dual Tone Petrol,Pune,2019,1000,Petrol,Manual,First,17.19,1197 ,81.86 ,5,10.25 ,8.6
5350,Volkswagen Ameo 1.5 TDI Highline,Pune,2016,20000,Diesel,Manual,First,21.66,1498 ,108.62 ,5,10.04 ,6.75
5353,Volkswagen Polo GT TSI,Kochi,2015,26323,Petrol,Automatic,First,17.21,1197 ,103.5 ,5,10.83 ,7.4
5357,Mahindra Bolero ZLX,Jaipur,2016,65000,Diesel,Manual,First,15.96,2523 ,62.1 ,7,11.15 ,7.21
5359,Hyundai Xcent 1.2 CRDi S,Kolkata,2017,51000,Diesel,Manual,First,25.4,1186 ,73.97 ,5,8.23 ,4.2
5366,Toyota Innova Crysta 2.4 GX MT,Hyderabad,2016,73000,Diesel,Manual,First,13.68,2393 ,147.8 ,7,19.37 ,16.5
5375,Maruti Swift LDI,Jaipur,2015,39437,Diesel,Manual,First,28.4,1248 ,74 ,5,7.01 ,5.15
5384,Tata Zest Revotron 1.2T XM,Mumbai,2014,36000,Petrol,Manual,First,17.57,1193 ,88.7 ,5,7.63 ,3.7
5393,Hyundai Grand i10 1.2 Kappa Magna,Pune,2010,45252,Petrol,Manual,First,18.9,1197 ,81.86 ,5,6.8 ,2.25
5396,Maruti Ertiga VDI,Kochi,2018,51236,Diesel,Manual,First,25.47,1248 ,88.50 ,7,10.83 ,8.49
5415,Maruti Dzire AMT VXI,Chennai,2017,42000,Petrol,Automatic,First,22.0,1197 ,81.80 ,5,8.13 ,5.5
5419,Toyota Corolla Altis 1.8 VL CVT,Coimbatore,2016,82725,Petrol,Automatic,First,14.28,1798 ,138.03 ,5,25.27 ,11.99
5420,BMW 3 Series Sport,Mumbai,2016,19000,Diesel,Automatic,Second,21.76,1995 ,190 ,5,57.3 ,29.99
5427,Maruti Wagon R VXI AMT,Delhi,2016,30000,Petrol,Automatic,First,22.5,998 ,67 ,5,5.68 ,4.25
5431,Maruti Vitara Brezza ZDi Plus Dual Tone,Delhi,2016,22000,Diesel,Manual,First,24.3,1248 ,88.5 ,5,11.75 ,8.25
5434,Honda WR-V Edge Edition i-VTEC S,Kochi,2019,13913,Petrol,Manual,First,17.5,1199 ,88.7 ,5,9.36 ,8.2
5447,Mercedes-Benz GLA Class 200 d Style,Kochi,2016,26212,Diesel,Automatic,First,17.9,2143 ,136 ,5,38.72 ,24.46
5448,Tata Zest Revotron 1.2T XMS,Pune,2014,23500,Petrol,Manual,Second,17.57,1193 ,88.7 ,5,7.7 ,3.9
5450,Maruti Wagon R VXI AMT1.2,Mumbai,2015,26000,Petrol,Automatic,First,21.5,1197 ,81.80 ,5,6.43 ,3.65
5451,Hyundai Xcent 1.2 CRDi S,Kolkata,2016,26000,Diesel,Manual,First,25.4,1186 ,73.97 ,5,8.23 ,5
5465,Maruti Wagon R VXI,Jaipur,2017,35362,Petrol,Manual,First,22.5,998 ,67.04 ,5,5.44 ,3.85
5470,BMW 3 Series 320d,Bangalore,2010,58000,Diesel,Automatic,First,22.69,1995 ,190 ,5,48.79 ,11.5
5479,Renault KWID Climber 1.0 AMT,Chennai,2018,14000,Petrol,Automatic,First,22.5,999 ,67 ,5,5.67 ,4.5
5484,Hyundai Creta 1.6 SX Option Diesel,Coimbatore,2016,47392,Diesel,Manual,First,20.5,1582 ,126.2 ,5,19.18 ,13.82
5507,Maruti Dzire LDI,Pune,2017,48000,Diesel,Manual,First,28.4,1248 ,73.75 ,5,7.91 ,6
5509,Renault KWID RXL,Jaipur,2016,26000,Petrol,Manual,First,25.17,799 ,53.3 ,5,3.96 ,2.55
5513,Maruti Alto K10 VXI,Jaipur,2016,35000,Petrol,Manual,First,24.07,998 ,67.1 ,5,4.24 ,3
5516,BMW X3 xDrive 20d Luxury Line,Mumbai,2018,1400,Diesel,Automatic,First,18.56,1995 ,190 ,5,70.55 ,61.25
5518,Mini Cooper 3 DOOR S,Kochi,2016,21110,Petrol,Automatic,First,17.44,1998 ,189.08 ,4,39.27 ,28.95
5527,Toyota Etios Liva 1.2 G,Coimbatore,2015,64005,Petrol,Manual,First,17.71,1197 ,78.9 ,5,6.41 ,4.57
5534,Nissan Micra XV CVT,Mumbai,2015,34895,Petrol,Automatic,First,19.15,1198 ,75.94 ,5,9.47 ,4.6
5542,Toyota Innova Crysta 2.8 GX AT,Kochi,2017,20789,Diesel,Automatic,First,11.36,2755 ,171.5 ,7,20.74 ,18.36
5545,Land Rover Range Rover Sport SE,Delhi,2014,47000,Diesel,Automatic,Second,12.65,2993 ,255 ,5,1.3,64.75
5558,BMW 5 Series 520d Luxury Line,Coimbatore,2016,75637,Diesel,Automatic,First,22.48,1995 ,190 ,5,71.82 ,30.37
5560,Renault KWID RXT Optional,Kochi,2019,6568,Petrol,Manual,First,25.17,799 ,53.3 ,5,4.78 ,5.09
5564,BMW 3 Series 320d Luxury Line,Kochi,2016,62404,Diesel,Automatic,First,22.69,1995 ,190 ,5,54.43 ,21.33
5568,BMW 3 Series Luxury Line,Coimbatore,2017,34232,Diesel,Automatic,First,21.76,1995 ,190 ,5,55.07 ,35.84
5569,Honda CR-V Petrol 2WD,Chennai,2004,135000,Petrol,Automatic,Third,14.4,1997 ,152 ,5,33.51 ,3
5570,Renault Duster 110PS Diesel RxZ AWD,Chennai,2012,80000,Diesel,Manual,First,19.72,1461 ,108.45 ,5,15.94 ,6.75
5582,Toyota Fortuner 2.8 2WD AT,Coimbatore,2019,28069,Diesel,Automatic,First,12.9,2755 ,174.5 ,7,34.45 ,30.85
5604,Nissan Sunny XV D,Chennai,2012,70000,Diesel,Manual,Second,22.71,1461 ,84.8 ,5,11.48 ,4
5606,Maruti Wagon R ZXI AMT 1.2,Mumbai,2019,600,Petrol,Automatic,First,21.5,1197 ,81.80 ,5,6.8 ,6.25
5625,Tata Tigor XE Diesel,Ahmedabad,2017,16235,Diesel,Manual,First,24.7,1047 ,69 ,5,7.15 ,5.5
5626,Skoda Superb Style 1.8 TSI AT,Kochi,2017,73641,Petrol,Automatic,First,14.67,1798 ,177.46 ,5,33.36 ,17.08
5631,Hyundai Verna VTVT 1.6 AT SX Plus,Mumbai,2012,75059,Petrol,Automatic,First,17.0,1591 ,121.3 ,5,13.7 ,4.25
5632,Toyota Etios 1.4 VXD,Pune,2018,3000,Diesel,Manual,First,23.59,1364 ,67.04 ,5,10.63 ,7.9
5644,Volkswagen Polo 1.5 TDI Highline,Coimbatore,2014,52951,Diesel,Manual,First,20.14,1498 ,88 ,5,10.32 ,5.65
5650,Maruti Eeco 7 Seater Standard,Delhi,2016,126000,Petrol,Manual,First,15.1,1196 ,73 ,7,4.43 ,2.2
5679,Volkswagen Vento 1.5 TDI Highline,Hyderabad,2017,28000,Diesel,Manual,First,20.64,1498 ,108.5 ,5,14.2 ,10
5680,Hyundai Grand i10 1.2 Kappa Magna,Delhi,2017,46000,Petrol,Manual,First,18.9,1197 ,81.86 ,5,6.54 ,4.75
5684,Maruti Baleno Zeta,Coimbatore,2018,33150,Petrol,Manual,First,21.4,1197 ,83.1 ,5,8.71 ,7.39
5695,Honda City i-VTEC VX,Ahmedabad,2012,34000,Petrol,Manual,First,17.4,1497 ,117.3 ,5,12.68 ,5.75
5708,Honda BRV i-VTEC V CVT,Mumbai,2017,16503,Petrol,Automatic,First,16.0,1497 ,117.3 ,7,15.02 ,9.5
5715,Honda City i-VTEC CVT V,Kochi,2019,22321,Petrol,Automatic,First,18.0,1497 ,117.3 ,5,13.4 ,11.66
5736,Mahindra KUV 100 G80 K8 Dual Tone,Delhi,2018,42000,Petrol,Manual,First,18.15,1198 ,82 ,6,7.96 ,5.5
5749,Honda City i-VTEC V,Kochi,2018,11732,Petrol,Manual,First,17.4,1497 ,117.3 ,5,11.88 ,10.07
5757,Toyota Innova Crysta 2.4 VX MT,Kolkata,2017,31000,Diesel,Manual,First,13.68,2393 ,147.8 ,7,21.36 ,16.95
5762,Volvo S60 D4 Momentum,Hyderabad,2014,51000,Diesel,Automatic,First,27.03,1969 ,190 ,5,45.67 ,21.5
5765,Honda Brio 1.2 S Option MT,Delhi,2012,40315,Petrol,Manual,First,18.5,1198 ,86.8 ,5,5.92 ,2.75
5769,Tata Tiago 1.2 Revotron XZ,Coimbatore,2019,20712,Petrol,Manual,First,23.84,1199 ,84 ,5,6.59 ,6.94
5778,Nissan Terrano XL D Option,Kochi,2015,58817,Diesel,Manual,First,19.87,1461 ,83.14 ,5,15.06 ,6.25
5788,Tata Tiago 1.2 Revotron XZ,Hyderabad,2017,22000,Petrol,Manual,First,23.84,1199 ,84 ,5,6.42 ,4.8
5789,Renault KWID RXL,Kochi,2019,7858,Petrol,Manual,First,25.17,799 ,53.3 ,5,4.04 ,3.8
5795,Honda Amaze VX Petrol,Mumbai,2014,21000,Petrol,Manual,First,19.5,1199 ,86.76 ,5,8.99 ,4.75
5799,Volkswagen Vento 1.5 TDI Highline AT,Pune,2016,19000,Diesel,Automatic,First,21.5,1498 ,108.5 ,5,15.68 ,10
5805,Skoda Rapid 1.6 MPI Ambition,Coimbatore,2019,21214,Petrol,Manual,First,15.41,1598 ,103.52 ,5,12.44 ,9.66
5808,Maruti Celerio VXI AMT,Kolkata,2016,30000,Petrol,Automatic,First,23.1,998 ,67.04 ,5,5.77 ,3.8
5819,Renault KWID RXT Optional,Kochi,2017,21954,Petrol,Manual,First,25.17,799 ,53.3 ,5,4.78 ,3.7
5828,Nissan Micra XV CVT,Coimbatore,2017,54387,Petrol,Automatic,First,19.15,1198 ,75.94 ,5,9.51 ,5.85
5829,Renault KWID RXT Optional,Mumbai,2018,1617,Petrol,Manual,First,25.17,799 ,53.3 ,5,4.78 ,4.29
5830,Honda City i-DTEC SV,Hyderabad,2015,82000,Diesel,Manual,First,25.6,1498 ,98.6 ,5,13.33 ,8
5854,Hyundai Grand i10 1.2 Kappa Sportz,Kochi,2016,28147,Petrol,Manual,First,18.9,1197 ,81.86 ,5,6.62 ,5.07
5864,Renault Duster 110PS Diesel RxZ,Bangalore,2014,70000,Diesel,Manual,First,19.6,1461 ,108.45 ,5,15.01 ,8.25
5867,Skoda Superb L&K 2.0 TDI AT,Mumbai,2017,35000,Diesel,Automatic,First,18.19,1968 ,174.5 ,5,40.73 ,25.75
5872,Maruti Vitara Brezza ZDi Plus Dual Tone,Kochi,2017,21248,Diesel,Manual,First,24.3,1248 ,88.5 ,5,11.75 ,9.44
5875,Mercedes-Benz C-Class Progressive C 220d,Ahmedabad,2019,4000,Diesel,Automatic,First,0.0,1950 ,194 ,5,49.14 ,35
5879,Mitsubishi Pajero Sport 4X4,Jaipur,2014,70000,Diesel,Manual,Second,13.5,2477 ,175.56 ,7,33.21 ,11.85
5894,Hyundai Creta 1.6 SX,Hyderabad,2018,9900,Petrol,Manual,First,15.8,1591 ,121.3 ,5,14.72 ,13.2
5905,Tata Zest Quadrajet 1.3 75PS XE,Hyderabad,2016,125000,Diesel,Manual,First,22.95,1248 ,74 ,5,8.09 ,4.6
5907,Renault Duster 110PS Diesel RxZ AMT,Coimbatore,2017,34686,Diesel,Automatic,First,19.6,1461 ,108.45 ,5,15.05 ,11.86
5923,Skoda Superb Style 2.0 TDI AT,Mumbai,2017,42000,Diesel,Automatic,First,18.19,1968 ,174.5 ,5,36.94 ,22.99
5928,Mahindra NuvoSport N6,Coimbatore,2018,37323,Diesel,Manual,Second,17.45,1493 ,100 ,7,10.52 ,7.29
5940,Maruti Dzire LDI,Pune,2018,27000,Diesel,Manual,First,28.4,1248 ,73.75 ,5,7.91 ,5.9
5941,Renault KWID RXL,Pune,2018,1000,Petrol,Manual,First,25.17,799 ,53.3 ,5,4.45 ,3.4
5947,Maruti Ertiga VXI AT Petrol,Mumbai,2017,28000,Petrol,Automatic,First,18.69,1462 ,103 ,7,10.65 ,8
5959,Toyota Corolla Altis 1.8 G CVT,Delhi,2010,109703,Petrol,Automatic,Second,14.28,1798 ,138.03 ,5,20.46 ,4
5964,Hyundai Verna VTVT 1.6 AT SX Option,Mumbai,2018,8000,Petrol,Automatic,First,17.0,1591 ,121.3 ,5,15.14 ,12.85
5970,Mercedes-Benz GLA Class 200 Sport,Kochi,2018,17773,Petrol,Automatic,First,13.7,1991 ,183 ,5,39.22 ,26.76
5971,Volkswagen Polo 1.5 TDI Highline,Hyderabad,2013,65000,Diesel,Manual,Second,20.14,1498 ,88 ,5,10.15 ,3.5
5974,Volkswagen Ameo 1.2 MPI Highline,Ahmedabad,2016,34005,Petrol,Manual,First,17.0,1198 ,73.75 ,5,8.09 ,5.75
5981,Maruti Baleno Alpha,Mumbai,2017,6000,Petrol,Manual,First,21.4,1197 ,83.1 ,5,8.78 ,7.5
5982,Tata Hexa XTA,Jaipur,2016,39000,Diesel,Automatic,First,17.6,2179 ,153.86 ,7,21 ,13.5
5987,Tata Tiago 1.2 Revotron XT,Kochi,2017,15386,Petrol,Manual,First,23.84,1199 ,84 ,5,5.56 ,5.11
5989,Audi A4 35 TDI Premium Plus,Coimbatore,2013,58629,Diesel,Automatic,Second,18.25,1968 ,187.74 ,5,53.14 ,16.52
5999,Tata Bolt Revotron XT,Chennai,2016,10000,Petrol,Manual,First,17.57,1193 ,88.7 ,5,7.77 ,4
6002,Volkswagen Vento 1.6 Highline,Mumbai,2011,38000,Petrol,Manual,First,16.09,1598 ,103.5 ,5,11.91 ,3.25
6005,Maruti Vitara Brezza VDi,Pune,2016,37208,Diesel,Manual,First,24.3,1248 ,88.5 ,5,9.93 ,7.43
6010,Honda Brio 1.2 VX MT,Delhi,2013,33746,Petrol,Manual,First,18.5,1198 ,86.8 ,5,6.63 ,3.2
6014,Maruti Swift VDI,Delhi,2014,27365,Diesel,Manual,First,28.4,1248 ,74 ,5,7.88 ,4.75
